X1,X4,X6,X10,status_label
4.351,-3.279,-3.314,5.604,1
1111.096,536.443,314.213,4972.297,0
2343.217,1705.941,248.808,50056.461,1
478.853,1084.217,603.064,11874.437,0
5.827,-4.944,-5.595,10.646,1
2916.234,984.893,735.874,3862.736,0
262.982,-28.964,-52.814,364.938,0
94.03,-35.39,-47.28,237.337,1
8.611,29.242,12.974,332.03,0
658.934,229.974,129.444,857.215,1
132.897,111.296,-78.826,1126.782,1
26.919,28.122,7.808,275.705,0
3024.839,1227.663,591.152,6698.45,0
163.769,36.116,14.178,427.141,1
31.914,114.74,14.356,270.132,1
13.735,20.559,4.612,134.518,0
19.711,1.579,-63.86,34.258,0
35.573,3.269,1.907,36.621,0
2.891,-0.123,-0.827,8.399,1
3108.0,4337.0,-1724.0,42257.0,1
345.2,534.3,274.5,1790.6,0
42.767,1.972,0.555,55.065,0
91.977,4.114,-1.694,164.533,0
361.049,814.919,464.459,3595.615,1
59.293,24.094,14.962,121.04,0
432.675,51.696,12.994,537.86,1
6.349,-2.137,-3.216,15.056,1
35.916,4.47,0.15,55.402,0
111.175,19.958,-5.926,233.868,0
1009.124,141.961,-78.511,2235.279,0
557.487,299.201,155.441,1715.976,0
444.192,167.606,-431.112,598.329,1
16.134,2.243,0.634,18.828,0
92.489,329.358,-2.442,2698.505,1
7764.4,2529.2,1349.8,13342.1,0
17.617,0.774,-0.46,21.49,0
325.286,-28.498,9.453,386.0,1
328.041,242.292,55.257,1288.477,0
109.822,81.843,-224.403,542.599,0
555.507,450.518,150.23,1561.725,0
220.431,93.057,54.89,294.191,0
4447.0,490.0,327.0,6751.0,0
810.808,295.725,129.902,2514.45,0
76.15,2.794,-21.575,97.145,0
70.656,1.333,-10.48,155.208,1
167.185,97.277,30.681,690.815,1
434.616,95.111,-27.024,806.851,1
159.567,53.161,20.611,479.513,0
759.606,278.541,68.038,1013.541,1
3.051,0.173,-0.829,11.4,1
2839.5,795.9,518.1,5410.9,0
42.622,-15.114,-16.966,47.577,1
175.284,145.51,61.799,907.794,0
414.02,126.527,73.495,1892.936,1
3332.0,641.0,382.0,5227.0,0
949.348,149.298,-359.003,5590.86,1
679.122,111.893,55.695,1029.203,0
39.815,-16.628,-2.835,46.976,0
146.622,200.769,101.441,1964.275,1
2246.249,739.781,-1458.228,6446.175,0
447.338,414.058,163.648,4147.349,0
2188.0,1072.7,607.0,4735.4,0
153.365,37.081,89.918,368.991,0
1374.187,279.303,167.099,2414.281,0
28.751,0.755,-0.739,35.418,0
1.385,-0.58,-0.599,2.502,0
249.355,30.061,-1.779,441.122,0
13.852,0.445,-0.004,18.585,0
7.668,1.464,0.18,12.151,1
1.131,-3.522,-3.601,1.292,0
29.768,89.2,11.923,767.006,1
498.414,191.495,-139.135,3763.738,1
212.898,217.694,183.784,1556.967,1
0.383,-0.517,-0.527,0.75,1
2583.7,1654.9,1019.9,7778.2,0
228.066,-40.21,-66.503,328.306,0
799.923,86.128,61.639,1386.932,1
56.589,-15.269,-14.271,88.808,1
2.089,2.987,0.716,34.168,1
443.745,78.619,29.629,647.153,1
370.0,32.6,-87.1,602.9,1
104.027,147.83,81.975,1463.83,1
32.916,-29.808,-28.102,35.632,0
73.388,86.98,5.041,1477.63,1
26.02,-46.861,-42.076,56.653,1
2.789,-2.054,-6.029,13.648,0
45.883,26.641,-43.514,237.81,1
454.353,64.966,8.515,849.704,0
217.223,-68.636,-80.127,723.457,1
285.908,130.66,-48.961,2803.147,1
55.824,-54.231,-52.009,63.843,0
283.059,129.717,54.908,1378.923,0
65.911,30.381,4.841,188.759,1
0.616,-1.976,-2.036,2.194,0
33.829,30.569,6.653,462.344,1
7815.0,4149.0,442.0,47802.0,0
1524.654,1499.039,442.992,14078.328,1
23.345,-15.434,-21.226,29.636,1
2.796,-5.096,-7.459,21.661,0
6642.0,262.0,-1468.0,25438.0,1
968.923,-1625.996,-2433.838,4690.829,1
242.817,-83.489,-44.213,275.71,0
1445.6,730.5,306.7,8201.5,0
115.055,311.331,115.778,1204.413,1
150.743,118.642,-20.846,731.342,0
457.152,144.369,62.088,763.103,0
108.528,143.665,-11.995,1445.257,1
304.09,106.664,56.923,415.819,0
350.569,181.155,83.698,1030.006,0
431.045,350.101,202.972,623.859,1
191.164,57.62,12.139,506.292,1
17588.0,4249.0,2058.0,33024.0,0
284.142,63.157,24.735,779.679,1
0.008,-0.29,-0.373,1.406,1
129.756,-38.374,-40.532,131.675,0
20.506,3.31,1.476,27.72,1
133.478,36.225,19.395,313.531,0
1115.473,795.219,427.247,5319.417,0
9.497,-2.694,-2.497,11.916,0
342.867,202.536,-71.34,1389.099,1
55.249,8.612,2.8,74.84,1
1577.257,701.958,345.401,4033.951,0
2.966,-1.318,-2.746,11.406,0
1596.424,919.236,285.374,7756.368,1
165.84,116.196,30.514,832.863,0
173.045,32.657,2.643,369.831,1
0.578,-2.197,-0.53,0.658,1
360.573,115.678,46.877,1115.477,0
260.857,9.94,4.714,389.934,0
43.796,5.816,4.248,48.469,0
52.979,-28.813,13.594,90.38,1
495.828,125.941,24.632,1065.995,0
9.046,4.004,-29.342,40.493,1
286.9,97.8,-39.6,1114.8,1
832.761,362.459,141.138,4110.947,0
16.43,-0.035,-0.8,16.57,0
0.322,0.007,-0.07,0.438,0
7.993,-8.442,-8.607,25.255,1
3.396,-0.352,-0.297,3.755,0
217.246,13.531,-34.774,289.722,1
1524.654,1499.039,442.992,14078.328,1
511.902,506.572,-18.947,3510.704,0
23.21,-66.546,-100.783,87.661,1
51.809,7.067,1.623,65.087,1
495.795,326.876,173.72,2351.323,1
527.49,338.523,171.889,2430.141,0
31.28,7.851,5.302,36.184,1
10.734,-0.497,-7.737,81.026,1
9195.0,5741.0,-6837.0,76995.0,1
584.221,61.092,-148.033,1023.553,0
9.321,26.462,14.504,274.011,1
120.726,55.028,-222.176,1856.651,1
538.0,65.4,28.0,734.0,0
58.916,26.409,16.949,137.055,1
21.624,-6.304,-2.514,23.507,0
76.385,-8.836,-25.635,211.386,1
42.962,-10.84,-34.267,58.995,0
108.032,-5.659,-9.96,246.911,1
1.617,-0.889,-1.389,1.707,1
23.337,-1.094,-7.82,45.075,1
34.41,-10.51,-13.205,36.897,1
426.721,260.434,126.212,807.561,1
292.758,-39.512,-95.159,339.846,0
38.582,8.175,3.572,56.621,0
16.456,-13.443,-29.619,44.096,1
276.106,40.46,20.842,341.347,0
190.4,5.0,-7.1,245.9,0
6.024,-24.113,-24.358,7.244,1
151.433,279.441,-698.044,1413.544,1
2712.0,1434.0,521.0,20753.0,0
349.287,-121.186,-206.458,512.189,1
51.609,6.458,2.526,68.977,1
13.128,-4.855,-3.818,13.216,1
40.632,47.205,14.565,198.254,0
13.024,3.607,0.756,33.034,1
94.723,30.824,15.119,175.596,0
12.806,-10.54,-10.769,13.934,1
54.612,-558.916,-619.963,234.462,1
51.418,17.32,14.892,54.273,0
171.122,73.741,-8.09,716.646,1
1.231,-5.574,-4.989,19.28,0
3.522,-5.667,-26.595,7.565,1
36.373,-7.734,-11.219,44.556,1
24.382,1.529,0.715,27.071,1
0.059,-0.31,-0.367,0.061,0
42.109,2.998,2.379,69.511,0
74.235,94.66,25.473,486.941,0
3.793,0.235,0.203,4.957,1
67.819,20.57,10.558,87.354,0
30.441,6.539,-38.128,84.416,1
1139.3,178.39,3.956,2295.757,0
98.913,27.712,19.724,110.103,0
173.928,-13.476,-4.954,181.868,1
523.856,152.557,-12.183,1316.707,0
2330.0,1079.0,135.0,9783.0,0
13.622,3.142,1.258,33.431,1
3792.764,694.225,353.038,6883.502,0
113.033,212.754,19.369,1656.122,1
3116.006,749.631,162.119,10664.35,0
284.774,111.352,-105.04,719.625,0
260.248,172.114,84.912,697.66,0
3.497,-7.179,-11.68,18.649,1
165.395,214.723,69.424,1944.639,0
11.563,0.15,-3.386,14.772,1
168.808,-48.822,11.556,1324.911,1
87.325,-14.224,-19.768,127.39,0
0.041,0.057,0.057,0.045,1
123.616,5.527,-4.536,157.178,1
0.306,0.044,-0.093,1.107,0
80.822,-7.738,-23.754,86.826,1
160.426,30.773,10.702,240.222,1
87.925,-60.684,-57.767,91.32,1
46970.0,16177.0,8430.0,109183.0,0
929.12,176.557,74.825,1335.273,1
22.34,9.405,-3.85,101.756,0
11.071,-3.338,-2.889,15.151,0
198.584,-1.097,-5.43,208.449,0
272.249,135.923,-39.57,765.208,0
478.009,34.243,-101.605,639.106,1
793.0,1499.0,429.0,1667.0,1
3.233,4.488,0.435,19.883,0
1.391,0.179,-3.075,2.559,1
41.924,17.397,3.061,126.386,0
233.927,-121.385,-162.141,312.589,1
185.504,39.65,17.503,355.388,0
207.689,19.488,3.764,276.911,0
40.406,5.168,2.916,64.764,0
65.978,5.136,0.705,86.6,1
1664.064,362.612,158.198,3208.452,0
4.922,2.476,-11.837,11.439,0
20.895,-8.753,-11.267,22.151,0
32.006,-19.65,-37.783,32.258,1
11.121,8.31,-3.264,99.127,1
2023.909,-310.047,-404.316,2516.646,0
288.078,38.53,22.998,350.807,0
133.169,27.578,12.351,271.416,0
30.856,3.346,-0.195,39.191,0
20.335,1.361,0.028,22.392,1
173.87,48.999,6.836,413.377,1
374.171,99.063,46.803,774.64,0
100.036,-102.083,-479.162,284.977,1
31.404,17.906,4.86,67.255,0
122.22,24.507,-1.389,256.248,1
256.844,189.751,66.405,1132.3,1
1.1,-0.81,-0.811,4.31,0
382.113,76.088,44.693,450.423,0
1203.8,1605.7,650.7,13675.9,0
89.853,19.35,9.076,238.126,0
2.458,-0.333,0.86,5.242,0
6389.0,5232.0,1450.0,60127.0,1
366.153,135.911,84.615,466.421,0
1985.0,1269.0,289.0,8632.0,0
653.436,224.911,-16.144,3050.566,0
56.333,13.275,4.794,83.31,0
632.7,138.3,-90.9,2180.6,1
20.222,11.003,-7.349,54.44,1
3.779,-6.567,-7.387,5.402,1
0.437,-12.548,-17.313,5.416,1
1452.444,1582.378,555.536,14168.196,1
217.246,13.531,-34.774,289.722,1
87.891,2.055,-12.294,222.755,1
191.164,57.62,12.139,506.292,1
45.548,3.799,-15.032,77.515,0
2.483,-1.158,9.367,3.115,0
193.666,103.719,34.151,742.14,0
12.738,-5.569,-4.895,20.935,1
863.7,220.3,91.2,2702.7,1
110.508,126.332,-65.172,693.823,1
102.221,17.115,7.037,135.574,1
7.815,1.567,0.262,10.634,0
23.345,-15.434,-21.226,29.636,1
1301.552,411.803,302.989,2937.473,0
532.65,139.514,64.937,821.557,1
17087.0,21573.0,4669.0,242223.0,0
157.223,13.583,14.596,216.685,0
0.143,-0.304,-0.512,0.617,0
7.894,-5.485,-12.029,9.781,1
8758.7,3971.1,2560.8,21678.1,0
391.577,44.655,-18.053,519.775,0
216.796,133.941,30.562,582.69,0
3887.0,4322.0,392.0,50424.0,1
4431.363,1813.197,973.677,8397.265,0
5.346,0.321,0.397,7.703,0
1827.833,1325.101,539.362,5561.984,0
3756.8,2175.7,1046.0,7038.9,0
2985.285,1858.262,-302.094,16542.039,1
491.957,299.895,142.547,1842.917,0
218.285,31.799,21.83,291.704,1
4.205,6.106,0.18,56.545,0
30.757,-13.37,-15.835,31.917,0
104.433,104.385,5.546,1018.684,1
559.122,473.34,84.058,2016.923,1
250.84,60.936,25.412,543.692,0
54.318,-9.007,-8.47,57.435,1
2.902,-8.491,0.914,5.852,1
310.453,44.94,19.448,475.168,1
1584.0,930.0,229.0,7736.0,0
48.24,-18.685,-23.35,55.4,1
245.301,60.406,12.968,805.506,1
3386.9,2117.1,1309.6,9526.2,0
299.053,-42.58,-167.189,665.744,0
925.421,234.16,114.345,1788.12,0
33.677,77.472,-126.89,568.045,0
100.036,-102.083,-479.162,284.977,1
19.005,7.419,1.514,91.313,1
485.389,184.427,82.594,1070.206,0
322.433,36.171,19.942,359.032,0
222.896,-16.327,-451.996,1895.414,1
33.695,5.857,-7.96,81.606,1
1058.126,111.436,11.594,2232.849,0
1058.126,111.436,11.594,2232.849,0
39.31,36.241,8.457,185.919,0
604.585,-56.546,-65.129,784.283,0
1436.024,505.948,143.352,5000.212,1
2014.0,1186.0,256.0,10877.0,1
47.025,-12.579,-12.039,58.748,1
21.973,9.014,-0.663,64.691,0
99.937,-26.072,-32.857,270.774,1
2.421,-8.517,-22.716,6.039,1
655.166,257.074,-288.671,1936.933,1
241.337,123.729,60.825,586.285,0
154.873,-118.931,-261.306,259.087,0
3.009,-0.035,-1.255,17.108,1
22.003,-2.067,-2.436,27.999,1
73.581,-18.748,-36.441,128.96,1
1.874,-1.413,-1.39,2.417,1
803.642,211.884,57.852,1463.376,0
688.845,215.381,-145.304,3530.207,1
242.336,29.352,11.199,250.228,1
36.767,-41.768,-51.004,174.407,1
330.066,85.407,46.91,525.826,0
166.442,-37.859,-35.172,239.99,0
20.745,8.618,5.038,41.538,1
0.946,0.215,0.075,1.378,0
51.755,8.62,-5.405,104.964,0
18.677,0.293,-1.303,34.552,1
579.147,277.334,105.616,3748.116,1
267.3,77.247,5.045,1562.646,0
58.458,20.984,5.94,196.286,1
160.543,75.489,34.802,298.696,0
86.324,10.138,-4.869,223.056,1
35.974,11.851,5.406,62.999,0
4.287,-0.789,-1.096,5.099,0
61.843,38.388,17.416,440.655,1
259.074,94.288,-3.119,931.998,0
58.08,45.914,25.526,93.695,0
5.447,-0.671,-2.048,6.122,1
257.008,33.463,14.926,361.828,0
93.48,-12.826,-38.383,151.739,1
1082.939,-93.191,-225.9,2348.793,0
84.052,5.866,1.686,186.522,0
5.63,0.543,0.047,11.32,1
19.69,7.127,2.507,42.508,0
13.042,28.011,-4.507,265.006,1
103.513,-2.345,-10.534,134.884,1
0.137,-1.001,-1.083,0.143,0
361.049,814.919,464.459,3595.615,1
483.0,612.0,-266.0,6207.0,0
16.885,-5.13,-5.444,18.329,1
8115.0,3770.0,3058.0,17720.0,0
531.529,-1.701,-70.739,924.566,1
707.0,1435.0,772.0,1318.0,1
79.705,28.974,14.171,122.87,1
262.251,-110.634,-101.492,395.417,0
6165.655,3144.084,1869.862,15525.862,0
181.3,-84.893,-93.828,236.307,0
333.122,208.919,97.075,535.596,1
1072.087,1743.188,215.111,13928.922,0
279.487,153.961,84.112,405.819,1
27.629,-11.397,-16.625,38.001,1
372.667,16.081,-11.867,466.533,0
704.385,305.042,-38.017,2862.996,0
439.94,125.291,34.923,740.844,1
110.881,-64.344,-71.644,147.204,1
45.479,-13.202,-15.82,57.416,0
1473.1,216.3,152.4,2360.2,1
58.722,-4.317,-5.239,86.276,0
2.409,-1.348,-5.128,29.491,1
6772.56,4326.7,2277.658,11499.482,0
817.931,523.934,118.719,3780.478,1
26.917,2.915,-35.972,35.276,0
3.91,0.276,-1.445,10.375,1
223.421,-62.263,-48.569,293.282,0
580.957,80.41,31.858,1024.363,0
386.318,7.906,-22.997,602.502,0
94.22,105.46,49.436,464.289,1
168.808,-48.822,11.556,1324.911,1
868.182,95.885,48.029,1134.842,0
231.124,94.548,37.358,799.734,0
4.899,-0.07,-0.183,4.932,0
129.698,69.387,-22.868,370.059,1
6.183,-5.005,0.456,8.342,1
21.831,-1.406,-3.04,33.011,0
5570.282,2750.214,1353.903,16476.513,1
109.978,-91.708,-91.642,163.643,1
487.29,-254.479,-393.61,721.119,1
173.536,64.352,13.001,507.16,0
10.574,0.702,0.237,12.79,0
127.148,-15.516,-22.758,145.233,0
93.065,-60.981,-59.282,109.736,1
796.197,704.032,260.373,3964.463,0
167.545,205.348,60.625,1043.824,1
20.659,-2.516,-3.848,99.81,1
41.71,22.336,-6.585,347.084,1
10.566,1.515,0.036,23.017,1
43.735,0.758,-2.122,50.705,1
885.5,471.558,161.877,2981.74,0
143.787,-56.984,-63.232,154.11,1
3327.0,1276.0,-394.0,6631.0,0
270.45,26.071,17.641,312.662,1
274.1,35.313,-101.718,811.432,1
30.897,0.869,4.378,59.877,0
4.256,-17.421,-20.282,9.977,1
0.019,-0.075,-0.075,0.019,0
200.116,41.2,12.318,281.454,0
126.215,44.428,28.656,273.95,0
69.894,13.818,-51.278,196.832,0
7.441,30.653,30.655,7.646,0
20.145,-22.056,-22.608,25.519,1
2329.2,871.2,432.3,7276.7,0
0.027,-2.06,-10.308,0.172,0
27.386,-11.019,-13.778,39.808,1
824.3,216.1,130.6,1707.6,0
84.198,2.405,-7.115,124.347,0
1288.816,584.768,155.601,7464.392,0
0.045,-0.822,-1.014,0.194,0
16.152,2.093,-0.692,22.03,0
61.045,9.425,5.194,72.703,0
0.463,-3.108,-19.022,0.567,0
259.804,30.879,12.03,448.21,0
157.229,28.711,6.147,219.259,1
30.002,48.146,9.245,554.693,0
93.687,-65.052,-66.562,96.848,1
998.753,81.884,-113.607,2335.36,0
67.921,-4.29,20.536,84.946,0
299.733,-17.054,-40.161,482.975,0
3146.0,4145.0,1451.0,15063.0,0
168.747,209.614,119.414,452.153,1
252.526,43.389,19.704,318.434,1
8.511,1.199,0.639,9.674,0
400.295,82.657,-21.216,707.935,0
244.186,123.114,-204.9,1802.16,1
225.472,95.477,21.267,704.479,1
14.278,-3.918,-10.919,22.283,0
0.324,-2.341,-2.579,2.317,1
9.503,-6.586,-14.142,33.313,0
164.373,83.62,-31.478,1475.416,1
16.352,-3.83,-8.012,28.671,1
45.949,2.484,-2.249,53.614,0
4.519,0.246,2.531,5.764,1
10.398,0.602,9.114,124.971,1
68.365,-21.538,-22.264,82.533,0
579.147,277.334,105.616,3748.116,1
807.1,38.0,-223.5,1800.5,0
0.83,-1.194,-3.738,1.405,0
0.021,-0.821,-0.921,0.111,0
43.407,6.258,0.978,82.941,0
3186.0,1239.0,31.0,15938.0,0
0.669,-1.016,-2.894,0.723,0
287.849,-16.409,-27.531,390.559,0
36.733,7.366,6.453,51.729,0
0.333,-1.921,-1.517,1.303,0
11.892,8.222,4.808,25.402,0
808.65,916.276,188.009,4687.127,0
6503.0,2357.0,1112.0,19306.0,0
214.424,113.959,19.583,611.575,1
92.192,0.87,-8.541,141.3,0
82.992,-6.732,-8.272,87.837,0
115.829,-25.947,-30.527,122.077,0
110.571,55.732,30.961,517.813,1
140.442,-22.682,-28.297,159.628,0
7.122,1.333,0.317,11.437,1
317.836,64.39,-118.701,990.279,1
235.287,108.297,38.132,673.647,0
39.908,3.737,-3.35,65.426,1
13.191,-17.66,-31.34,28.358,1
330.75,419.95,42.006,3529.857,1
10.841,-8.764,-14.342,17.815,1
565.463,107.478,62.453,720.799,0
355.74,358.287,189.299,1497.664,0
26.306,-0.856,-4.496,32.395,1
89.538,-4.073,-13.107,206.287,0
175.35,-19.375,-19.945,242.317,1
148.434,-20.547,-84.357,186.332,1
172.639,58.249,38.773,176.144,1
44.441,0.592,-2.265,62.37,1
344.762,44.579,-161.629,1143.024,1
14.912,-8.061,-5.815,17.154,1
63.163,125.171,30.126,356.189,0
495.795,326.876,173.72,2351.323,1
43.489,6.339,2.547,60.563,0
52.369,82.57,39.06,403.091,1
149.764,-56.785,-58.916,160.273,1
9.713,16.331,-9.036,183.082,1
10.424,7.174,5.427,11.543,1
46.059,3.229,-0.767,76.175,0
17793.0,5686.0,3467.0,34841.0,0
23.717,-3.872,-105.294,75.641,1
1.763,-0.271,-2.252,14.301,0
52.889,0.629,-202.979,1053.903,1
344.936,38.492,1.58,459.673,1
60.314,-1.609,0.354,64.16,0
18.203,-2.635,-14.945,39.998,0
33.727,3.62,-17.725,100.019,1
97.445,19.814,5.798,186.168,0
6.601,-5.538,1.601,9.714,1
40.356,3.172,-1.633,55.062,1
9.326,35.109,3.448,206.214,0
15.356,-7.313,-8.021,18.058,1
9.414,2.818,-2.072,37.41,0
14.447,-0.28,-1.504,15.154,1
43.64,3.058,-0.797,49.52,0
34.403,6.438,0.344,51.198,0
58.363,30.621,11.622,186.396,1
1020.0,282.0,147.3,1772.0,0
1.162,0.292,-0.339,2.981,1
49.108,-1.867,-2.744,57.02,0
37.144,20.852,11.122,59.528,0
415.947,225.307,86.23,1223.6,0
39.362,0.722,19.585,113.89,1
987.81,463.814,162.529,2964.6,0
59.083,38.268,1.148,279.348,0
33.779,1.713,0.29,38.57,1
8.856,-0.601,-1.63,9.418,0
211.783,16.775,5.761,232.057,0
11.309,-4.88,-21.559,22.884,1
559.122,473.34,84.058,2016.923,1
0.273,-0.011,-0.114,0.707,1
487.895,280.057,137.158,1259.356,1
406.8,41.0,-51.8,739.9,1
49.666,42.758,0.534,574.675,1
1042.453,336.315,138.745,2926.082,0
78.772,-0.669,-9.916,138.632,0
84.923,7.004,-2.105,165.88,1
88.945,24.363,11.067,152.158,0
228.312,45.599,9.605,382.023,1
15.573,3.02,-11.785,44.009,0
2.57,-6.45,-6.984,7.798,1
20.771,4.307,1.487,35.006,0
185.549,-2.549,-21.694,352.571,0
94.692,-11.455,-35.651,118.524,1
123.482,45.202,25.173,162.613,1
221.641,28.069,-71.343,414.701,0
155.141,-4.382,-52.074,313.812,1
1421.9,558.4,187.6,3412.9,0
224.765,110.96,29.301,662.856,0
202.943,38.259,18.722,278.993,0
469.565,445.513,231.339,773.197,1
69.433,-19.428,-20.176,70.322,1
21893.0,12856.0,12515.0,77648.0,0
118.247,115.142,-49.077,747.623,1
615.6,651.2,159.4,5004.1,1
4167.9,2191.9,596.5,14657.0,0
52.317,23.226,8.19,212.734,1
7.654,1.836,-1.188,9.284,0
0.706,0.746,-1.948,16.47,1
574.622,175.736,69.246,1561.504,0
408.577,252.736,9.569,2213.837,0
266.828,96.881,-45.035,1653.637,0
0.271,0.249,0.141,0.954,0
3.734,5.251,0.943,41.207,1
121.789,15.561,5.178,150.11,1
20.93,-10.388,-27.049,34.263,1
34.958,15.917,6.593,84.804,0
4.665,-0.556,-1.223,11.137,0
73.47,-34.775,-32.357,132.1,1
487.895,280.057,137.158,1259.356,1
119.336,50.308,4.985,291.748,0
5.608,-3.175,-4.148,8.969,0
97.517,-98.189,-198.301,163.923,1
1.857,0.074,-0.311,7.106,0
5.776,-0.716,-0.532,9.363,0
4.013,-2.18,-1.777,4.385,1
2.585,0.118,-0.39,5.633,0
23.345,-15.434,-21.226,29.636,1
57.649,7.862,0.031,127.521,0
2557.0,435.0,228.0,4255.0,0
1025.704,-539.871,-5487.92,2088.931,0
5890.8,481.9,129.5,14272.5,0
1.44,1.012,0.586,4.317,0
2.765,-5.19,-5.733,2.94,0
426.937,214.77,55.983,1527.369,0
616.825,63.563,38.355,741.63,1
196.773,-61.484,-203.782,1383.675,1
13.797,-0.69,-2.38,14.77,0
365.345,173.668,116.617,726.752,1
361.866,-1091.443,-1393.285,2323.732,1
191.164,57.62,12.139,506.292,1
340.831,199.044,40.441,2113.664,0
4407.0,655.0,252.0,9768.0,1
2.081,-6.479,-8.328,3.58,1
104.714,17.738,-5.918,289.364,1
62.813,26.552,3.588,162.073,1
32.925,67.327,9.257,318.785,0
6.131,1.445,0.494,17.456,0
226.367,63.167,-74.458,706.179,0
5.441,-4.227,-10.053,26.894,1
121.084,81.841,-22.897,382.661,0
10.172,0.545,-3.303,16.32,1
8120.0,877.0,3531.0,39786.0,0
134.276,23.972,19.235,152.143,0
28.751,0.755,-0.739,35.418,0
21.033,-10.018,-10.686,23.764,0
23.638,-22.373,-58.383,311.162,1
60.332,68.472,9.95,1144.134,0
1.629,-0.097,-0.097,1.629,1
9.79,1.533,0.163,20.167,0
69.215,-18.661,-20.975,84.175,1
1345.0,618.0,437.0,7047.0,1
151.94,27.851,-12.838,208.167,1
111.771,192.183,-13.331,552.875,1
296.335,50.95,29.66,364.711,0
35.13,-30.395,-35.821,57.287,1
0.304,-0.439,0.908,0.304,0
373.456,99.288,295.166,786.401,0
89.073,-18.673,-31.373,186.966,1
95.576,99.429,30.369,1616.397,1
4.225,1.087,-0.251,10.036,0
114.138,-76.774,-245.928,171.696,0
1.734,-10.167,-12.534,4.447,0
8.566,18.67,5.739,65.344,1
1595.681,254.621,86.547,2514.279,0
0.041,-0.388,-0.451,0.048,1
369.419,178.818,88.354,869.027,1
3578.0,303.0,-862.0,14042.0,1
3.916,-7.689,-9.951,4.226,1
9.316,1.758,1.17,11.982,0
104.834,-6.961,-38.384,167.223,0
305.275,47.203,-0.038,465.686,1
10.338,-7.21,-10.048,35.862,0
212.761,109.536,18.75,873.171,0
1518.4,1871.9,172.3,14392.1,1
524.154,1212.067,214.654,7256.069,1
68.534,2.154,-17.576,149.966,1
10.603,-10.86,-16.661,60.305,1
528.728,70.126,30.117,984.939,0
3698.0,3629.0,784.0,34805.0,1
49.515,-2.165,-17.594,100.588,0
7.684,-6.824,-10.705,8.065,1
1.038,-1.833,-3.192,2.112,0
31.226,-27.037,-25.347,31.856,1
28.948,-11.61,-18.795,121.357,0
1249.6,61.1,-68.3,3566.5,1
0.324,-2.341,-2.579,2.317,1
0.304,0.317,0.074,2.618,0
1645.1,402.9,333.7,3846.8,0
2236.03,1161.349,118.618,23226.992,1
702.402,333.423,90.106,1999.297,0
459.232,87.745,27.62,741.963,0
0.385,-6.293,-11.644,21.448,1
360.572,20.964,1.595,422.377,1
2132.0,894.9,292.8,6405.3,0
487.277,474.621,260.931,3320.814,1
92.274,-17.479,-16.069,109.558,1
1537.185,335.109,138.73,2992.814,1
0.599,-0.969,-0.561,0.618,1
750.619,64.896,7.513,1021.898,0
4.941,1.165,0.204,8.046,1
7.13,0.028,-1.511,12.421,0
1542.751,242.252,-558.353,8429.723,1
591.452,121.551,-198.756,2915.325,0
87.459,32.459,3.387,177.608,1
57.092,-34.794,-46.422,152.44,1
82.826,50.518,22.678,220.763,0
906.986,-108.604,-179.387,1425.079,0
691.751,328.253,33.737,1915.107,1
91.184,154.547,-48.014,2173.696,1
42.803,12.941,5.41,66.421,0
24.939,-1.45,-5.98,35.215,1
63.99,5.671,-0.128,75.166,1
4.048,2.5,-0.854,30.405,1
98.772,12.526,-3.921,190.516,1
196.209,-52.328,-26.599,405.848,0
6.87,-0.867,-0.838,8.505,1
1.319,-0.031,-0.315,1.419,0
203.554,-41.797,-353.499,309.739,1
5923.718,2873.584,1519.003,15213.083,0
739.0,467.6,874.7,3395.9,0
327.333,278.933,6.877,1447.058,1
1606.632,336.987,62.274,4527.591,0
179.017,24.281,-49.268,373.797,1
678.289,603.935,317.665,3890.061,1
33.576,-2.823,-5.622,40.977,1
0.898,-1.547,-1.859,1.479,0
105.729,41.639,20.727,231.776,0
19.433,19.904,-0.251,121.631,1
680.365,163.614,63.156,1111.187,0
56.318,-21.71,-546.51,219.401,1
93.48,-12.826,-38.383,151.739,1
8.922,-1.627,-1.4,12.744,0
1816.216,742.725,91.491,7956.667,1
64.669,-88.627,-283.427,2173.347,1
485.48,54.984,8.019,672.073,0
24.77,17.914,8.079,79.793,1
7.448,-30.583,-31.43,10.231,1
13.042,28.011,-4.507,265.006,1
899.514,626.5,369.288,1765.524,1
442.651,427.515,48.62,2307.133,1
433.795,118.644,-178.628,2333.498,1
160.543,75.489,34.802,298.696,0
7.268,0.087,-1.54,18.827,0
205.062,178.381,-300.162,1923.034,1
110.716,-88.371,-85.501,187.717,0
5.991,-0.543,-0.499,6.023,1
14.663,5.672,4.05,15.939,0
159.101,6.318,5.069,183.938,1
222.4,63.4,62.5,744.7,0
210.736,67.772,23.18,394.73,0
652.804,709.462,156.312,4265.37,0
21.883,-1.292,-6.888,36.277,1
0.005,-2.283,-2.238,0.423,1
23.017,-0.652,-2.939,24.64,0
18.376,0.479,-0.791,48.942,0
339.2,417.9,45.8,3762.0,0
19.064,-18.855,-37.023,26.548,1
71.104,-15.592,-38.107,114.78,0
109.007,-21.204,-28.493,137.845,1
11376.7,7307.1,-4125.5,118341.9,0
16.117,5.62,-7.577,49.671,0
128.102,36.493,22.68,192.527,0
77.184,-2.473,19.482,187.864,0
11.283,15.868,6.898,58.533,1
2.141,-3.416,-6.297,2.219,1
147.83,75.039,66.341,1444.981,0
550.8,40.4,-831.4,1360.4,0
11.115,-3.652,-8.198,62.662,0
12.572,-1.527,-4.32,21.917,0
9.137,-6.085,-7.489,12.984,1
414.02,126.527,73.495,1892.936,1
28.714,-17.228,-15.734,37.764,0
24.77,17.914,8.079,79.793,1
594.877,87.406,-134.243,4241.103,1
15.622,1.779,-0.439,17.991,0
161.87,25.686,-48.567,812.967,1
13.638,-2.131,-2.13,16.578,0
290.033,246.758,-242.506,392.794,1
9.067,-2.319,-1.292,12.93,0
327.2,176.6,13.3,1522.6,0
36.271,2.539,-0.007,53.406,0
59.084,42.139,-69.455,434.029,1
0.19,-3.244,-3.428,0.361,0
5.971,1.521,0.507,16.383,0
34.556,-6.533,-8.351,37.907,0
134.931,46.213,23.124,174.481,0
14.03,-0.755,-7.103,65.406,1
137.225,-46.004,-99.553,171.841,0
257.309,-39.488,-84.935,1001.761,1
61.48,40.8,-7.685,190.593,1
186.958,56.261,14.112,333.005,1
143.754,-71.794,-143.101,521.051,0
288.429,-0.921,-38.616,568.765,1
6022.0,1069.0,438.0,10728.0,0
493.487,165.507,110.993,977.811,0
61.179,-15.269,-14.863,61.513,1
4.016,-6.338,-5.006,25.392,0
7.768,3.847,-0.31,29.901,1
0.186,-1.174,-1.687,0.612,0
118.008,26.998,20.589,177.225,0
22.003,-2.067,-2.436,27.999,1
21.324,5.978,1.534,31.25,0
485.2,47.5,17.9,612.6,0
13.206,-8.347,-44.361,148.416,1
89.362,8.552,-0.454,135.191,0
529.164,238.707,62.559,1743.235,1
327.0,1913.0,-967.0,16431.0,1
2.786,0.141,0.034,6.1,0
2.16,-2.986,-4.248,12.991,1
632.806,172.695,1.814,2075.209,1
22.745,6.887,4.78,30.992,1
43.771,7.114,3.577,51.603,1
45.422,204.48,-52.212,766.766,1
0.922,-0.017,-0.104,1.443,0
78.933,38.278,12.58,159.443,1
35.911,4.816,1.667,77.849,0
2104.0,524.1,302.8,3211.1,0
9816.0,3036.0,1679.0,19966.0,0
259.804,30.879,12.03,448.21,0
25.751,-7.476,-9.941,44.487,1
15.689,-0.613,-7.537,31.368,0
3.212,-11.854,-12.244,5.006,0
7.719,-21.71,-24.388,10.176,0
14.572,8.181,5.367,15.343,1
551.01,250.145,112.246,925.689,1
42.951,5.125,3.114,69.137,0
527.644,352.83,120.627,2924.809,0
24.408,-44.208,-37.762,26.638,0
2123.495,2186.488,-16053.703,27672.153,1
28.928,19.859,10.041,69.467,1
21.364,-7.494,-10.022,53.775,1
104.027,147.83,81.975,1463.83,1
76.089,-26.08,-23.158,91.082,1
104.571,-26.463,-60.004,282.226,0
18.428,-2.518,-6.457,36.004,0
975.21,1428.823,244.977,15446.111,0
47.636,-8.902,-14.866,61.009,0
192.452,-56.816,-328.783,1457.485,1
204.022,288.629,-22.407,2224.804,1
479.057,158.429,18.889,1081.328,0
17.735,-47.686,-80.947,75.137,1
1.873,5.151,-0.172,34.88,1
222.16,83.293,45.222,311.047,0
312.667,130.761,-646.045,1453.28,1
16.716,-11.467,-26.686,27.666,1
24.187,1.252,-1.008,28.82,0
74.981,20.822,6.259,166.218,0
770.901,350.064,189.797,2319.319,1
519.283,257.453,27.015,1534.756,1
293.424,141.534,80.73,402.464,0
3237.0,1207.0,367.0,6902.0,0
114.696,-35.082,-35.203,116.352,0
146.564,147.867,48.828,1995.924,0
160.478,-9.472,-1.917,165.929,1
120.726,55.028,-222.176,1856.651,1
150.148,66.105,40.078,187.908,0
9305.0,6878.0,4704.0,41117.0,0
68.532,59.864,15.302,544.123,1
71.596,14.094,4.99,127.275,1
333.281,54.196,26.298,474.359,0
0.66,-3.258,-5.536,16.771,1
101.418,-8.711,-13.625,108.28,0
325.532,83.788,39.286,575.138,1
7.409,3.008,4.655,21.949,0
6.35,-2.545,-3.28,24.225,1
120.352,-10.785,-28.52,207.081,0
2.834,4.35,-2.035,37.228,1
21.122,-8.73,-24.877,37.406,1
3.91,0.276,-1.445,10.375,1
308.989,20.97,20.726,340.903,0
185.671,-23.49,-14.977,583.586,0
978.752,392.181,331.227,3140.202,0
10.18,-2.205,-6.886,61.665,1
2374.627,2486.354,1941.923,29159.178,0
10.779,0.526,0.628,10.779,0
15.621,-3.046,-4.25,22.291,0
2.844,1.196,-0.312,12.662,0
23.584,6.858,0.888,52.144,0
226.275,19.674,-56.754,458.069,0
8.821,-1.381,5.304,28.61,1
5570.282,2750.214,1353.903,16476.513,1
292.423,34.912,12.405,350.933,1
78.933,38.278,12.58,159.443,1
4.71,-14.113,195.29,8.106,1
269.733,58.411,12.635,769.706,1
143.112,125.494,89.729,750.829,1
33.97,-8.924,-18.325,38.279,0
172.86,83.013,46.234,266.383,0
186.958,56.261,14.112,333.005,1
0.543,-0.593,-0.793,0.547,0
5935.0,510.0,-2071.0,25175.0,1
7573.0,4029.0,3499.0,13135.0,0
82.184,-3.038,-161.849,245.515,1
298.156,76.169,37.805,566.654,1
628.761,246.822,132.315,2662.614,1
576.506,214.373,107.531,803.623,1
73.952,12.133,-15.399,114.796,0
7640.9,7100.9,4430.7,25288.9,0
8.213,3.427,-10.477,31.215,0
558.056,338.458,117.088,2552.55,1
38.441,-14.992,-14.265,43.387,1
4.717,-10.882,-9.232,5.449,1
27.1,-11.73,-10.217,53.769,1
0.823,-2.876,-4.204,1.624,0
104.099,163.165,40.874,1035.611,0
168.761,32.204,11.111,266.582,0
0.584,-1.814,-4.596,1.489,0
0.129,-1.973,-2.419,1.043,1
1970.01,425.769,143.376,3301.528,0
63.15,-26.149,-29.072,87.615,1
70.018,37.433,-109.681,230.324,1
1.844,-3.265,-3.637,3.358,1
0.571,-0.073,-1.282,0.572,0
6.027,0.002,-0.395,7.117,0
730.0,456.0,273.0,1825.0,0
535.974,147.328,74.172,1505.803,1
6.893,0.714,1.86,12.597,0
384.706,62.873,21.96,492.801,0
924.991,1356.041,511.047,17664.202,0
213.492,74.092,-6.301,610.539,1
6.755,0.55,-0.27,23.394,0
242.124,78.146,6.728,535.895,0
6.578,-3.714,-3.927,6.782,1
30.278,-2.084,-7.623,109.736,1
75.011,18.643,9.868,190.381,0
592.161,28.368,3.853,1041.967,1
250.625,17.937,-17.554,351.031,0
0.46,-6.838,-8.922,7.908,1
1058.63,459.764,119.929,2606.227,1
1145.6,586.2,277.9,5808.2,1
45.613,7.31,2.892,51.408,0
208.086,43.275,18.189,229.942,1
15.303,-2.575,-10.652,46.734,0
49.895,-36.668,-146.068,116.737,1
512.034,27.887,-37.323,806.406,0
4517.474,538.784,253.609,6044.917,0
7148.0,3725.0,420.0,30175.0,1
1002.0,743.0,-103.0,7387.0,1
100.231,109.222,29.435,601.567,0
49.627,11.561,-0.771,95.579,1
14.044,-8.106,-9.81,17.385,0
10.294,-19.65,-19.24,10.823,0
281.28,-75.714,-91.407,339.275,0
30.579,-4.356,-6.033,32.489,0
208.983,176.369,84.993,643.379,1
23.467,6.671,1.022,136.726,0
8.59,6.498,-1.829,56.259,1
0.477,-2.101,-2.231,2.175,0
1922.925,376.277,-425.391,3807.064,0
24.754,-6.265,-7.984,30.783,0
3.31,0.321,0.073,10.736,0
71.83,-30.492,-28.658,77.867,0
11.309,-4.88,-21.559,22.884,1
121.45,42.225,42.34,121.553,1
2.488,0.681,-3.019,14.847,1
2933.2,1121.6,810.7,7195.1,0
101.464,-21.497,-24.478,109.852,0
8.82,0.188,0.111,18.485,0
1222.883,412.542,14.16,3335.525,1
233.696,307.18,-143.07,2507.087,1
0.803,-0.065,-0.809,3.846,0
393.183,-157.234,-156.254,409.154,0
0.068,-0.309,-0.42,0.297,1
1614.148,632.312,113.053,7001.395,0
33.509,0.318,4.747,47.492,1
5482.0,3671.0,1232.0,36261.0,0
243.373,67.156,31.836,358.742,1
618.15,59.625,-13.638,840.014,0
2454.9,1531.4,321.4,18004.8,0
959.0,338.7,-138.3,4645.9,1
3.47,3.105,2.54,33.097,0
67.717,39.324,-12.338,472.669,1
139.24,32.293,9.56,539.999,0
246.385,-1.542,-46.091,508.811,0
427.303,-75.916,-77.464,618.711,1
55.317,8.783,4.899,79.828,1
177.236,35.093,26.176,207.19,1
11.238,-8.981,-13.218,70.312,1
49.705,91.033,54.482,489.958,1
58.141,19.211,10.94,130.999,0
55.621,8.491,4.531,79.948,1
762.82,278.314,102.896,1592.012,0
669.595,1067.017,-274.285,7164.889,1
45.267,4.517,-7.555,91.463,0
13.749,2.093,0.679,18.976,0
84.358,42.165,0.976,329.005,0
62.289,20.683,17.876,133.664,0
268.469,56.337,6.67,546.055,0
0.793,-1.34,-4.454,4.336,0
9.533,-1.283,-1.006,11.43,1
33.695,5.857,-7.96,81.606,1
107.662,-3.779,-31.794,153.031,0
33.91,0.6,-2.978,40.038,1
220.622,35.392,-79.224,455.33,1
99.256,18.345,5.445,198.377,0
57.289,37.512,17.327,228.271,1
51.868,-26.224,-26.512,52.481,0
105.431,5.196,-44.203,309.088,0
26.524,-10.85,-6.921,31.374,1
2.881,-19.697,-20.549,3.43,1
4.268,0.572,0.162,6.892,0
0.289,-6.642,-7.923,2.017,1
128.731,34.305,27.345,213.334,0
91.418,13.75,9.842,198.925,0
27.109,3.692,2.647,28.145,0
12.339,-0.716,-3.317,21.872,1
34.948,11.976,0.88,144.238,1
32.364,2.267,0.952,35.062,0
78.548,119.418,28.93,908.139,1
939.907,445.415,-578.982,4787.865,0
71.688,-2.248,-16.487,88.046,0
744.981,183.984,71.268,1926.488,0
3.768,-2.216,-4.859,5.073,1
2.918,-2.852,-2.832,15.317,1
49.873,4.97,8.324,65.08,0
30.976,-9.837,-9.727,31.609,0
28.303,5.121,1.428,49.371,1
27.12,80.304,24.03,818.68,1
121.124,29.027,-66.811,305.998,1
31.422,-24.963,-22.478,161.33,1
22.478,-0.597,-3.079,28.281,1
5859.9,2060.2,382.3,12196.6,0
46.486,-8.658,-2.285,68.394,0
0.52,-8.014,-9.445,1.759,1
113.563,-2.863,-35.389,176.049,1
115.18,-6.197,-20.737,295.432,0
0.031,-5.482,-6.537,1.268,1
6.685,-0.932,-5.971,15.545,1
568.64,214.971,11.219,2121.604,1
2356.8,622.3,172.2,6217.5,0
397.528,142.717,-0.289,1235.107,0
15.436,-7.628,-15.923,29.98,1
835.263,138.184,-48.414,3135.019,1
1560.4,493.1,72.7,8458.3,0
1720.715,1081.712,-6453.293,4498.794,1
281.743,82.62,5.511,449.238,1
59.163,30.488,10.416,187.702,1
57.265,29.063,18.009,327.326,0
5624.711,772.885,439.99,7250.894,0
34.431,11.276,0.82,45.285,0
132.145,58.99,97.09,1490.331,0
3.871,2.358,0.629,9.261,0
9.27,-0.982,-1.466,9.99,1
2.161,-0.744,-0.573,4.944,0
209.857,72.501,-158.097,552.843,0
91.325,49.702,6.849,452.887,0
1461.605,816.14,-16.558,6522.323,0
168.453,438.006,263.036,1776.2,1
351.73,56.651,21.61,448.082,1
2.178,-0.284,-0.289,8.3,0
69.215,-18.661,-20.975,84.175,1
96.475,136.902,55.861,517.042,0
12.559,-11.634,-15.655,16.594,0
2883.512,303.97,-8.281,4007.283,1
458.771,-70.708,-136.885,552.139,0
47.541,2.978,0.012,53.496,0
157.229,28.711,6.147,219.259,1
58.458,20.984,5.94,196.286,1
40.182,-12.102,-19.464,60.394,0
3.353,1.106,-1.343,13.519,1
40.595,54.437,18.999,686.264,0
57.064,15.044,7.074,95.955,1
145.119,-16.028,-20.321,172.96,0
0.587,-0.305,-0.576,1.619,0
40.5,7.323,2.011,59.47,0
68.643,14.685,11.827,88.286,1
669.595,1067.017,-274.285,7164.889,1
2285.6,1576.6,440.7,16988.0,0
405.646,35.023,16.905,504.002,0
212.6,193.7,2.5,1148.1,0
41.432,8.322,6.929,49.559,0
24.643,1.129,-0.613,38.61,0
40.932,6.034,4.155,89.128,1
76.642,14.451,0.859,131.214,1
321.7,53.581,4.37,590.999,0
5.669,-5.763,-8.374,6.095,0
323.168,32.935,-253.538,1039.541,1
1069.618,1547.826,366.055,8833.47,1
3.784,-0.019,-0.995,8.708,0
70.676,-13.763,-48.478,463.3,1
10.443,1.161,-0.214,17.854,0
375.977,320.902,-0.144,3005.131,1
345.312,31.052,-77.16,722.364,1
119.572,1.016,-1.937,129.661,1
77.088,46.67,20.548,190.066,1
927.0,1278.0,450.0,6986.0,0
70.676,-13.763,-48.478,463.3,1
15063.0,5485.0,1990.0,46612.0,0
634.895,263.724,121.505,860.166,1
3869.0,3398.0,1275.0,31725.0,0
24.19,-4.165,-6.26,29.689,1
0.045,-0.051,1.968,0.08,0
37.853,49.651,29.426,72.727,1
39.72,-7.423,-8.807,44.453,1
6.838,-4.343,-5.941,10.138,1
1.394,-1.916,-1.201,19.455,0
3.631,-4.419,-10.552,23.363,1
20.617,1.647,1.119,23.755,1
25.045,-0.874,-3.338,31.45,0
111.771,192.183,-13.331,552.875,1
11.477,2.357,0.396,24.734,0
799.5,534.8,-75.9,8548.9,1
88.166,-16.688,-47.364,113.789,1
130.279,197.23,-2.186,1487.979,1
121.858,11.743,-5.3,134.24,0
383.661,178.111,68.167,1129.475,0
1201.0,279.0,-423.0,2943.0,0
66.689,60.1,-36.428,305.275,1
28.288,6.486,-0.162,56.596,1
168.747,209.614,119.414,452.153,1
0.007,-0.474,-0.595,0.139,1
7.768,3.847,-0.31,29.901,1
7.926,-4.875,-6.661,13.877,0
17.147,27.99,2.709,248.726,1
247.904,180.535,44.697,1775.834,0
147.233,31.928,10.778,316.14,0
659.4,618.1,197.3,5409.9,0
2.007,-0.451,-0.235,2.014,1
3995.0,1667.0,971.0,23754.0,0
0.674,-1.244,-14.37,3.681,0
3567.0,166.0,-1216.0,23605.0,1
1.876,0.006,0.104,1.988,0
131.127,-24.838,-45.946,160.631,0
212.447,100.996,54.254,307.048,1
319.713,31.78,-46.364,765.836,0
55.996,12.528,12.514,66.449,0
85.697,21.617,9.259,131.143,0
297.31,32.416,-67.261,625.07,1
88.118,97.298,63.522,578.262,1
181.257,-29.647,-75.433,474.366,1
55.871,13.255,5.581,74.424,0
4.093,-5.726,-7.577,4.453,0
2.75,-3.408,-3.526,3.221,0
638.36,155.187,65.708,1099.057,0
4.003,-3.583,-4.407,7.214,1
1194.1,506.7,132.4,2733.4,0
203.763,335.841,155.876,2049.4,1
3.721,-5.506,-7.201,4.111,1
24.83,1.278,0.646,27.654,0
32.822,1.583,-5.067,62.894,1
88.407,-24.562,-57.687,143.497,1
11093.0,3212.0,1563.0,29673.0,0
1166.544,614.34,300.518,3059.744,0
64.669,33.842,-0.136,406.752,1
108.032,-5.659,-9.96,246.911,1
29.618,12.462,9.434,29.907,0
102.098,-55.12,-131.886,213.417,1
307.759,78.187,-328.266,808.55,1
243.373,67.156,31.836,358.742,1
107.034,35.246,9.548,273.684,1
240.247,12.097,-12.089,565.599,0
336.9,100.3,10.9,1554.9,1
310.523,76.752,-150.933,645.71,1
2813.0,5462.0,2338.0,39722.0,0
94.963,-30.366,-33.218,114.079,1
1507.6,758.6,29.0,7830.8,0
11.391,2.697,4.543,21.784,1
2772.9,483.4,210.2,6856.2,0
120.608,6.49,5.627,255.92,1
19.56,-7.431,-21.129,22.012,1
788.0,243.6,61.3,2599.5,1
2.136,-1.441,-2.09,5.202,0
90.525,104.621,-153.514,392.907,1
48.471,-4.516,-10.901,129.284,0
2.133,-12.144,-40.105,13.569,1
551.495,78.134,8.776,912.292,0
7.575,0.812,0.258,8.812,0
17490.0,2016.0,631.0,25278.0,0
48.762,7.841,3.529,69.49,0
186.589,29.561,-17.538,328.772,1
83.053,10.705,8.326,142.883,0
731.549,504.602,356.646,2649.298,1
309.878,47.569,14.958,803.256,1
63.503,3.809,2.995,66.508,0
6.28,-4.667,-5.724,41.244,1
14.245,5.981,-0.124,96.556,0
384.965,299.025,140.465,672.23,1
1473.454,474.666,239.23,2790.431,1
816.947,147.317,58.38,1063.574,0
41.09,11.441,0.606,219.982,0
234.893,136.24,57.96,628.0,0
1716.322,729.79,-1575.621,5754.363,1
196.8,38.4,-45.3,807.5,0
32.52,-16.223,-17.096,33.444,0
6.932,-1.364,-2.718,37.637,1
65.691,24.842,7.978,102.586,0
5.769,2.375,1.31,7.988,0
29.599,10.024,-0.018,118.204,1
1.752,0.001,-3.437,7.741,0
3347.4,967.9,543.9,5816.6,0
210.487,24.915,0.425,391.174,1
103.851,51.421,9.231,366.707,1
192.383,282.676,75.909,1633.149,1
121.365,65.364,-8.604,455.735,1
195.045,74.994,23.495,1072.625,0
859.367,1068.126,427.235,3636.567,0
139.952,61.189,31.061,207.724,1
2.037,-0.484,-0.481,2.22,0
102.327,62.153,45.882,250.035,0
37.439,-10.385,-24.913,234.03,1
1105.159,312.501,174.776,1900.502,0
4143.5,1696.9,827.6,11931.2,0
30.263,10.354,3.22,65.309,0
1.54,-2.98,-3.042,2.161,0
623.309,291.029,70.312,3978.922,1
49.137,4.816,2.827,69.7,0
15.515,5.296,0.43,28.791,0
128.02,21.927,-12.698,761.382,1
1627.3,473.7,267.0,2205.1,1
4534.0,2184.0,770.0,13369.0,1
4682.0,582.0,-1228.0,29330.0,1
25.433,-2.873,-4.416,35.287,0
32.127,66.39,12.691,664.349,1
151.342,-89.084,-49.903,186.78,0
61.753,37.946,14.543,208.744,0
44.493,5.312,-16.721,106.517,1
620.887,213.254,120.121,783.766,0
105.313,20.067,5.462,187.849,0
12.001,0.141,-1.976,16.706,1
0.088,-1.875,-2.908,0.724,1
24.288,3.137,0.652,31.677,0
0.082,-2.424,-2.393,0.263,1
15.233,-6.012,-6.658,18.402,0
381.832,158.358,79.174,867.228,0
41.586,-27.262,-79.276,98.786,0
197.394,90.465,77.799,301.273,1
8.002,4.058,1.144,11.997,1
362.211,49.728,22.287,510.565,0
2.409,-1.348,-5.128,29.491,1
9.952,-5.635,-3.37,10.456,0
15.818,4.204,0.027,41.598,0
360.023,224.138,115.038,805.924,1
22.534,1.645,1.097,24.305,1
160.905,89.747,32.091,916.907,0
146.043,12.156,-12.75,290.142,0
674.053,7.83,-174.664,1748.126,1
7.179,-22.168,-21.426,29.749,0
16.964,1.218,-0.547,25.094,0
351.112,118.147,10.815,668.516,0
0.332,-2.499,-4.206,12.965,0
77.54,30.124,13.968,595.786,0
71.198,89.711,-102.545,932.467,1
190.018,7.671,3.083,245.656,0
145.121,18.017,-36.121,224.464,1
7.975,-0.133,-3.278,13.493,0
242.74,-80.182,-184.828,442.161,0
16.261,-3.848,-7.678,30.379,1
55.071,44.229,16.327,90.327,1
130.446,-13.457,-45.192,169.147,0
25.389,-2.082,-1.805,28.573,1
18.439,-10.938,-10.972,20.952,0
175.5,26.1,-24.4,432.5,0
237.382,18.682,6.731,386.279,0
284.973,162.165,78.93,1327.619,0
0.129,-1.973,-2.419,1.043,1
1703.435,380.527,103.964,3701.475,0
136.435,35.119,-0.393,275.925,1
203.314,95.507,42.164,409.098,0
206.139,282.754,191.777,1041.685,1
178.726,-90.532,-112.487,248.263,1
82.878,13.87,-224.729,386.98,1
76.345,100.866,-39.827,556.727,0
161.485,-33.589,-38.58,206.306,1
27.705,-2.744,-3.87,33.215,1
287.292,101.689,20.393,882.234,0
167.416,88.483,-35.388,749.965,1
52.048,35.628,-27.259,218.242,1
7.227,-8.077,-8.074,10.852,1
2.966,-0.161,-0.282,6.101,1
488.598,101.452,37.196,864.753,0
8.068,0.461,-7.16,25.044,0
11.682,9.117,4.82,74.734,0
609.988,122.237,30.129,843.082,1
212.506,1.237,-16.635,309.106,0
1337.0,741.0,57.0,5135.0,0
1765.154,396.304,132.515,4699.114,0
56.935,0.856,-25.044,76.291,0
6.608,-1.956,-1.61,6.659,1
165.035,18.629,209.248,373.462,0
323.901,276.972,68.238,1310.711,1
35.29,-4.335,-12.845,64.98,0
6856.0,1110.0,76.0,9865.0,0
11.889,-16.375,-24.378,18.741,1
58.97,-12.651,-29.072,72.125,1
11.875,6.541,7.541,23.399,0
799.5,534.8,-75.9,8548.9,1
77.179,-19.722,165.276,312.717,1
34.948,11.976,0.88,144.238,1
17.387,-13.078,-23.072,55.181,0
8.738,-1.182,-3.303,13.651,0
11.407,-8.447,-10.795,30.122,1
14.918,0.778,-0.697,19.095,1
146.433,13.389,-16.483,258.573,1
31.94,0.968,-41.261,321.657,1
9.796,-5.946,-4.67,10.602,1
7.641,0.261,5.844,22.376,1
78.682,13.756,12.495,204.917,0
1.255,-6.866,-17.9,2.228,0
9.942,-14.55,-15.418,68.818,1
44.288,20.534,10.332,76.576,0
1854.0,595.0,64.0,7167.0,0
212.214,-16.505,-32.007,281.18,0
9.938,0.072,-0.28,19.279,1
0.303,-0.781,-0.797,0.617,0
1452.444,1582.378,555.536,14168.196,1
52.963,6.653,-64.964,92.913,0
433.795,118.644,-178.628,2333.498,1
19.064,-18.855,-37.023,26.548,1
4895.621,669.244,388.331,6669.572,0
97.299,9.334,-2.292,198.75,1
140.361,42.75,27.01,187.546,1
352.607,129.613,-10.245,1064.513,1
26.184,-34.569,-33.945,98.351,1
1.86,-9.039,-9.951,2.291,1
77.194,-9.945,-37.586,97.678,0
58.462,1.511,-5.109,82.911,0
302.565,235.165,130.136,740.865,1
314.963,22.888,4.904,433.21,0
1671.123,233.659,108.292,2575.095,0
461.214,150.616,73.845,1336.451,0
1575.339,445.773,-155.577,8054.71,1
239.311,447.847,-25.72,1153.277,1
23.809,1.63,1.441,27.646,0
13.303,-0.848,-4.609,18.149,1
78.083,176.159,70.046,1092.206,1
37.679,-26.57,-53.355,69.89,1
128.589,9.203,-88.238,389.16,1
19.433,19.904,-0.251,121.631,1
90.479,6.806,-16.784,622.025,0
15.54,-3.78,-3.89,17.603,1
101.622,7.796,15.247,110.623,0
104.628,40.826,5.704,776.265,0
212.896,336.77,160.519,2086.487,1
6880.5,2898.7,1888.7,18086.0,0
103.412,-66.055,-67.042,133.073,0
10.662,0.683,0.285,12.465,0
546.34,160.191,90.521,894.351,0
111.253,49.254,19.512,243.911,1
788.0,243.6,61.3,2599.5,1
2.067,-2.618,-3.86,8.142,1
469.588,41.495,47.438,508.844,0
10.136,-0.932,-1.475,16.81,0
37.541,11.939,3.913,81.896,0
178.413,24.485,9.836,232.396,0
116.214,10.024,-8.128,283.189,0
4.95,-9.203,-73.494,11.069,1
32.493,3.749,0.738,55.538,0
428.979,112.454,42.791,859.34,0
76.187,-6.339,-14.95,83.937,0
0.255,0.014,-0.731,0.255,0
215.846,19.188,14.834,267.843,1
244.292,19.95,-44.111,506.723,1
48.599,36.238,16.727,160.793,0
32.396,-1.795,-1.194,36.18,1
59.706,12.437,4.073,125.137,0
1624.826,747.688,315.442,4345.632,0
169.77,25.426,14.799,193.28,1
24.106,7.493,-21.024,53.361,0
706.381,184.098,103.992,1977.355,1
211.049,-12.35,-215.722,252.982,0
6492.067,2023.426,-107.925,19131.654,1
94.03,-35.39,-47.28,237.337,1
30.976,-9.837,-9.727,31.609,0
25.113,3.055,-12.712,173.385,0
51.332,-75.46,-151.892,251.128,1
2.798,0.31,-2.11,2.939,1
1046.0,324.0,-57.0,2014.0,1
5.375,-9.037,-8.666,14.687,1
8.833,-34.091,-34.675,15.448,0
251.0,10.6,-361.3,503.2,1
18.547,6.449,3.993,32.182,0
28.776,-5.092,2.037,30.439,0
734.928,128.697,36.881,1042.118,0
1319.2,891.8,-73.8,2733.6,1
1010.8,341.8,78.4,2859.4,0
58.184,11.943,2.79,89.242,1
9.137,-6.085,-7.489,12.984,1
166.741,170.357,62.375,1716.355,1
2.821,-13.589,-18.33,3.858,1
18.653,-15.709,-19.534,25.482,1
1491.166,1403.638,224.386,14676.212,1
46.401,6.058,4.619,48.905,0
7.924,-10.002,-15.548,24.847,1
99.408,-7.519,-149.943,286.611,0
217.77,41.123,-11.661,452.079,1
1100.6,231.6,100.6,2037.9,0
311.893,23.213,17.056,357.075,1
41.507,10.008,6.678,69.266,0
1027.3,233.4,-47.7,2021.6,0
0.239,-23.266,-40.122,0.552,1
16.62,-2.943,-2.439,22.172,1
16.939,-9.679,-20.06,28.098,1
1.09,-4.245,-4.937,1.716,0
14.241,2.206,1.587,18.6,0
84.079,-6.661,-59.771,470.307,1
1914.104,625.746,-683.955,10006.777,1
44.282,2.091,-0.253,56.456,0
2.47,-0.056,-0.922,10.344,1
3432.8,771.6,399.9,4785.9,0
6.349,14.068,3.809,87.527,1
0.02,-7.206,-7.365,1.271,0
135.496,12.792,9.976,144.689,0
133.93,258.736,18.826,1433.769,0
19.392,2.278,-1.46,30.125,1
5004.0,537.0,-442.0,9179.0,1
199.95,473.968,21.287,1969.051,1
1.398,-11.106,-12.722,8.079,1
697.307,140.594,298.672,1107.907,0
121.493,30.18,11.953,231.471,1
141.977,43.832,23.251,163.963,0
345.346,-20.948,-32.859,466.257,1
315.674,-198.262,-159.022,2605.386,1
11.778,8.803,5.596,31.816,0
1473.1,216.3,152.4,2360.2,1
2.907,-5.354,-7.548,7.203,1
304.882,58.47,25.472,1154.17,0
328.354,77.942,26.959,638.022,0
190.483,268.849,126.64,1533.272,0
94.22,105.46,49.436,464.289,1
48.473,20.386,9.654,89.991,0
2033.21,394.971,266.452,3260.965,0
21.877,10.711,-6.959,52.367,1
38.402,-6.622,-14.359,43.492,1
30.976,-23.172,8.637,142.297,1
0.005,-0.191,-0.191,0.005,0
255.284,115.319,60.345,1015.896,0
8959.0,-862.0,-1365.0,18261.0,1
0.66,-3.258,-5.536,16.771,1
5.026,-2.726,-3.176,11.586,0
0.14,-1.049,0.506,0.259,1
1627.3,473.7,267.0,2205.1,1
7575.69,1381.65,810.474,12683.04,0
102.276,9.044,55.151,395.406,1
277.164,72.529,-5.149,643.607,0
703.307,208.785,124.308,2335.273,1
2422.0,1667.0,382.0,17131.0,0
53.33,24.807,8.955,141.317,0
666.337,119.994,70.636,856.089,0
58.079,35.043,9.242,170.666,1
7.684,-6.824,-10.705,8.065,1
2.797,1.013,-2.734,30.758,1
363.146,99.111,18.057,1147.894,1
122.895,-6.154,-42.704,223.495,1
21.891,26.721,5.503,152.517,1
39.983,2.791,-3.847,59.421,1
96.181,39.458,12.071,320.504,0
26.815,83.816,-5.668,467.466,0
2127.304,799.528,377.265,4955.327,0
361.161,443.248,126.188,3506.739,0
486.516,85.372,35.599,762.613,0
82.494,111.635,44.539,835.035,1
1305.983,428.618,140.95,2919.638,0
1003.7,1969.8,-39.5,12713.4,1
113.03,72.12,31.118,262.936,0
2.759,3.538,1.135,51.809,0
133.783,33.029,20.929,151.164,0
0.599,-0.969,-0.561,0.618,1
50.203,87.216,21.417,431.47,1
5.812,0.4,0.144,9.53,0
41.262,13.644,5.239,109.719,0
54.985,87.756,-20.781,283.036,1
80.693,33.836,14.293,236.23,1
12.95,-3.991,-1.813,61.31,0
238.368,37.529,7.079,407.221,1
12.347,-11.425,-29.446,23.004,1
145.734,13.816,-10.93,241.863,1
777.0,1077.0,-824.0,9674.0,0
31.615,3.394,0.954,42.272,0
43.894,7.841,3.168,91.321,1
9.295,1.665,1.127,9.361,0
178.817,13.223,1.655,220.405,1
24.527,2.073,0.015,26.12,0
45.284,-7.592,-11.908,65.828,0
193.86,69.539,27.171,572.819,0
478.009,34.243,-101.605,639.106,1
535.73,205.526,-8.565,1385.588,1
2946.499,405.708,236.887,5242.909,0
0.539,0.281,0.015,5.022,1
86.007,20.323,8.468,136.684,0
424.885,174.274,4.477,1280.29,1
326.164,165.418,117.507,592.363,0
2191.9,-195.9,-540.7,3549.3,1
39.025,-25.495,-28.052,48.464,0
19.315,-3.76,-7.177,49.853,0
31.624,-1.65,-2.728,36.309,1
0.65,-3.416,-5.493,6.494,0
253.238,107.24,58.476,351.196,1
5812.0,2437.0,-4197.0,30891.0,1
10.078,-4.963,-11.294,10.622,1
10.92,-11.551,-11.678,13.294,1
22.901,7.449,2.389,30.762,0
3005.9,2156.2,957.7,16733.0,1
12.003,18.637,-5.229,318.926,1
5.677,2.456,1.879,6.759,1
30.402,53.652,34.337,460.171,1
844.049,274.534,179.002,1408.718,0
0.021,-0.538,-0.651,0.115,1
18.643,8.21,6.765,33.513,0
90.509,-15.177,-25.913,116.669,0
89.498,-51.428,-53.242,91.345,0
75.621,12.886,-15.137,142.216,0
70.446,-11.208,-54.691,122.81,1
67.658,75.35,36.462,126.841,0
19.045,-4.745,-4.789,21.653,0
3.357,-2.937,-3.73,4.208,1
495.3,124.4,51.6,1040.1,0
25.073,-1.333,-2.996,29.077,1
599.69,189.305,-136.098,774.405,1
0.868,-0.588,-1.851,5.114,0
72.94,118.73,34.053,672.929,0
20.221,-20.352,-25.678,39.716,0
20.759,-16.762,-15.4,37.179,1
0.27,0.037,0.092,0.27,0
3488.0,2478.8,984.0,10904.5,0
50.506,-13.372,-17.286,54.577,0
40.077,3.944,2.056,53.238,1
3.004,0.219,-0.003,6.028,1
17.991,-5.645,-5.976,28.89,1
184.843,55.381,32.51,349.341,0
63.786,2.745,-9.428,101.837,1
54.433,195.201,47.225,1927.249,1
1673.0,1533.1,404.5,14161.8,0
62.763,17.497,3.917,148.768,0
278.013,-108.182,-218.738,1041.281,0
108.971,-10.456,-9.946,110.97,0
1.847,-1.988,-2.417,1.973,1
1542.4,628.1,279.7,4399.3,0
10.414,-2.003,-1.669,10.864,1
67.935,1.694,-80.868,103.632,0
586.3,338.2,-74.6,2777.3,0
249.47,110.349,43.001,884.605,1
353.034,234.415,37.313,1255.733,1
47.585,50.988,-10.806,297.221,1
255.436,182.874,53.018,1203.041,0
7.925,4.229,0.338,40.781,0
132.682,121.498,44.781,496.957,1
439.94,125.291,34.923,740.844,1
11.977,-1.064,-2.192,17.321,0
53.84,9.344,2.784,75.191,1
100.505,16.317,-2.042,266.505,1
22.478,-0.597,-3.079,28.281,1
94.38,40.045,4.922,308.739,0
3163.244,1692.411,805.659,9822.349,0
66.368,-17.137,-22.174,73.849,0
115.981,7.734,-48.183,141.625,0
711.109,328.493,170.217,1641.94,0
204.796,86.255,41.908,315.839,1
137.635,34.99,17.449,178.836,1
4.364,-2.695,-2.822,4.564,1
220.404,33.737,16.483,275.296,1
1459.2,168.5,-152.2,4701.6,1
54.121,23.166,0.723,169.603,1
2693.0,676.0,529.0,5287.0,0
39.787,-15.548,-16.61,54.174,0
3.844,-3.175,-3.34,4.012,1
443.933,93.966,-74.308,1800.179,1
329.837,46.024,-32.338,608.467,0
1377.43,1331.023,593.995,13400.772,1
29.768,89.2,11.923,767.006,1
272.536,40.217,10.662,1288.783,1
0.175,-0.792,-0.79,0.2,0
302.565,235.165,130.136,740.865,1
0.124,0.345,-0.217,6.772,1
179.746,-7.68,-29.433,224.726,0
178.33,27.789,6.636,314.004,1
6628.0,850.0,-5799.0,8837.0,1
0.063,-3.492,-3.646,0.224,1
3.727,-1.586,-1.958,6.482,1
32.085,-39.168,-56.408,47.338,1
79.705,28.974,14.171,122.87,1
9.527,-0.498,-0.947,15.504,1
10.414,-2.003,-1.669,10.864,1
14293.0,5943.0,4260.0,36422.0,0
14.913,2.386,-14.171,55.513,0
160.765,27.243,1.684,368.751,1
143.364,137.984,58.196,607.245,1
612.4,426.2,257.8,858.9,0
51.741,5.003,-0.819,60.333,0
35.484,8.583,4.968,38.953,0
0.015,-0.076,-0.076,0.021,0
874.8,237.4,-41.7,2149.2,0
392.966,521.386,230.155,2208.827,0
82.992,-6.732,-8.272,87.837,0
1410.138,801.6,178.71,6004.189,0
32.947,-2.965,-6.36,36.769,1
46.463,-55.547,-75.99,253.26,0
771.619,376.279,-267.976,2315.293,0
5.277,-15.652,-16.441,17.201,0
30.372,-0.659,-3.093,50.192,0
593.096,198.564,-73.94,3271.862,1
13.894,-0.809,-1.328,16.443,0
443.745,78.619,29.629,647.153,1
223.892,62.547,15.736,460.403,1
85.149,50.218,11.369,318.262,0
201.101,123.807,-178.65,1020.866,0
112.327,4.547,2.485,117.28,0
6.539,-1.708,-2.585,20.147,1
27.507,-18.886,-1.329,50.958,0
67.043,-28.437,-30.143,90.269,0
64.329,6.142,-3.393,85.818,0
382.783,137.089,-135.052,1079.564,1
1607.1,900.2,295.8,7419.7,0
1.159,-13.916,-32.626,9.515,1
139.738,86.744,42.219,386.049,0
92.536,21.987,5.342,110.542,1
8.208,-1.894,0.022,9.873,1
7.417,-5.824,-14.542,7.913,1
0.499,-6.249,-8.918,24.437,1
9.076,-23.261,-26.581,12.135,1
4.014,8.536,0.848,40.128,1
152.329,65.568,-25.031,330.444,1
170.117,-18.201,-30.251,241.973,1
87.934,22.206,12.044,106.998,0
6480.0,5233.0,2431.0,21623.0,0
27.973,18.087,8.958,78.47,0
0.872,-6.769,-9.177,6.548,0
12.572,-1.527,-4.32,21.917,0
2733.215,1030.623,445.588,4813.955,0
3.51,-20.85,-24.105,12.893,1
96.427,22.895,15.026,137.763,0
203.314,95.507,42.164,409.098,0
1377.534,488.917,-638.381,5062.623,0
14.209,-11.096,-9.044,14.913,1
1.25,0.61,-0.085,6.761,0
8.168,-15.548,-17.205,10.34,1
188.631,36.58,13.38,285.792,0
25.569,33.618,15.868,198.115,0
207.865,99.584,-19.045,1107.419,1
8285.0,4535.0,1452.0,27385.0,0
230.869,80.297,-47.579,2003.194,1
204.287,32.618,-2.558,388.135,1
184.87,234.322,76.878,3445.2,1
114.408,19.669,-141.405,283.784,1
311.085,146.196,42.182,1348.557,1
5.471,0.286,0.073,7.156,0
152.32,36.0,19.728,225.51,1
5.441,-1.661,-3.109,7.806,0
31.854,-4.021,-20.648,74.906,0
25.487,-1.799,-4.358,89.299,1
6.458,-59.48,-70.337,38.307,0
134.74,-28.048,-38.195,194.11,1
340.405,23.287,-20.37,1042.868,1
203.665,163.316,13.226,2065.071,0
6.318,-6.88,-12.876,8.058,0
185.056,54.76,26.856,439.421,0
76.195,3.852,-8.847,97.171,1
20.237,1.151,-1.1,32.344,0
10.693,2.864,5.664,38.448,0
86.663,-5.52,-6.372,96.179,1
5977.0,4491.0,828.0,55605.0,1
44.684,50.216,30.118,353.253,0
0.114,-4.827,-5.588,1.692,1
1.939,-0.252,-0.411,6.547,0
16.927,9.641,2.867,35.492,0
267.1,201.7,77.4,908.8,0
0.463,-3.108,-19.022,0.567,0
50.183,-26.738,-65.025,50.198,0
77.906,120.995,-10.155,508.354,1
162.867,23.406,-14.395,1256.805,1
12.004,-16.835,-23.276,19.808,0
9.977,-1.024,-1.698,16.1,1
4760.1,1967.1,1554.0,27490.1,0
19.646,2.281,1.952,23.231,0
9.688,10.235,0.755,115.174,1
210.964,63.022,-100.525,722.233,0
15.734,-12.458,-13.575,18.142,1
3.677,0.127,0.15,3.913,0
6.505,-2.553,-3.638,7.094,1
4.739,0.759,1.912,10.986,0
75.0,-17.7,-92.4,400.3,0
2.939,-4.185,-8.556,30.011,0
4.846,-6.66,-7.767,8.84,1
22.309,9.622,0.142,80.479,0
165.891,49.248,2.527,1644.339,1
14.03,-0.755,-7.103,65.406,1
331.051,64.798,20.277,500.256,0
215.524,-45.961,-44.964,277.418,0
150.93,-24.957,-87.351,1246.885,1
30.797,37.231,-3.999,211.769,1
24.551,4.599,1.683,40.352,1
13.014,-1.13,-6.091,30.194,1
1434.25,424.406,178.546,3222.82,1
4.918,-7.851,-4.35,6.724,1
255.964,-1501.74,-1775.59,2780.317,1
8322.0,8890.0,2816.0,121156.0,0
127.487,59.076,34.256,338.546,0
166.136,-25.386,-52.87,480.782,1
4.665,1.442,1.055,6.191,0
0.159,-1.36,-1.596,2.51,1
10.942,-2.231,-3.378,22.159,1
11.589,-26.881,-41.335,73.219,1
423.277,149.16,-103.1,1214.302,1
27.009,8.141,3.882,42.576,0
2752.0,587.0,-15.0,9852.0,1
6.102,0.853,-16.454,68.93,0
1222.9,637.0,374.2,4087.8,0
92.464,25.062,-31.751,405.062,1
131.428,77.582,-92.753,1355.514,1
60.233,4.565,-22.105,166.746,1
11.589,-26.881,-41.335,73.219,1
2.137,2.529,-12.111,20.448,1
9.525,0.691,0.116,18.912,1
161.396,-0.788,68.107,222.376,1
27.018,17.682,11.515,38.709,1
452.256,76.175,-74.505,902.523,0
1327.4,473.8,229.7,4178.1,0
208.527,-74.329,-148.917,344.415,1
8953.0,2804.0,1266.0,25554.0,0
273.125,536.603,116.929,2475.793,1
923.5,650.1,229.9,4069.6,0
597.64,462.112,226.801,6382.754,0
275.492,64.1,24.707,744.567,1
11.965,-8.917,-20.784,56.412,1
97.993,102.213,14.71,614.53,0
367.333,38.395,16.441,607.127,0
6.905,20.001,6.171,80.567,1
0.481,-4.438,-6.209,0.789,1
549.923,392.438,105.519,5140.177,1
3.639,7.851,1.402,46.002,1
84.627,16.427,7.338,157.239,1
209.433,534.529,64.655,2798.86,1
60.947,14.286,15.98,65.371,1
0.155,-4.771,-7.61,1.501,1
2767.0,573.0,-2234.0,8072.0,1
4.223,-3.863,-5.088,4.35,1
1632.0,-261.0,-158.9,1705.5,1
1423.8,1051.0,-588.1,3179.6,1
952.927,67.126,17.127,1975.294,0
296.6,113.6,68.3,579.4,0
67.758,28.763,12.172,163.868,0
145.121,18.017,-36.121,224.464,1
6.017,-1.33,-1.289,6.375,1
63.358,10.205,-4.964,155.369,1
120.03,11.943,2.177,253.808,1
37.865,13.453,6.759,69.388,0
11.065,1.417,1.001,13.043,1
58.184,11.943,2.79,89.242,1
5.788,-2.518,-1.593,7.399,1
25.093,6.157,2.453,40.194,1
65.978,5.136,0.705,86.6,1
130.986,-30.961,-30.691,131.112,0
443.496,363.291,169.892,1207.97,0
441.799,169.928,69.515,735.233,1
129.948,-74.057,-74.528,136.419,1
9923.0,261.0,28.0,18979.0,1
2132.943,1336.884,720.477,7235.286,1
4533.0,593.0,222.0,9617.0,1
80.259,3.301,-27.687,197.328,0
1132.902,255.417,-79.11,2940.197,0
20.034,10.528,6.442,23.29,1
12.765,4.721,1.065,38.887,1
1575.339,445.773,-155.577,8054.71,1
2476.0,763.0,839.0,10285.0,0
1.025,0.136,0.101,1.116,0
70.553,30.305,8.24,182.86,1
447.021,10.99,7.086,478.5,0
9.983,1.57,0.649,14.575,0
207.229,-50.556,-0.341,357.354,1
13068.0,2588.0,-170.0,22597.0,1
376.621,-116.42,-141.831,647.641,1
152.145,443.315,315.109,1427.261,1
192.073,202.328,38.146,1242.995,1
152.586,-10.689,-140.444,311.917,1
7.909,11.831,5.164,47.798,0
799.499,110.428,-20.022,2103.84,1
0.732,0.645,0.105,4.505,1
3.768,-2.216,-4.859,5.073,1
22.324,2.045,0.416,38.794,0
85.849,15.32,5.857,130.1,0
1012.233,169.272,-164.585,2298.925,0
14.872,-3.304,-15.632,21.755,1
4556.584,1112.142,163.431,12645.795,0
21.487,15.237,11.506,23.466,1
35.411,11.952,4.463,51.549,1
1.385,-0.453,-0.57,1.554,1
41.07,89.629,-45.343,586.525,1
112.852,1.215,1.566,128.159,1
3.103,-6.724,-39.192,3.657,0
118.325,-57.297,-665.388,392.052,1
128.631,594.778,237.838,2785.319,1
137.076,67.021,-4.198,528.614,0
5.865,1.755,0.183,14.505,0
179.631,112.092,49.065,660.303,1
222.282,-9.2,-211.004,360.863,0
1.589,-0.193,-0.191,1.614,0
2.378,-0.602,-9.034,7.409,1
1105.674,133.502,-34.232,2426.868,1
2.907,-5.354,-7.548,7.203,1
14.156,13.709,4.459,76.987,0
209.495,144.551,40.702,906.92,0
4.547,-4.216,-3.708,4.76,1
16.076,3.094,1.461,22.243,0
117.307,-3.281,-16.878,145.513,0
2.058,-0.49,-0.835,2.918,1
5.847,-2.679,-2.431,7.078,1
2.419,-2.553,-2.146,19.914,1
3620.0,2739.9,1294.7,19041.6,0
74.569,-0.302,-27.417,117.567,1
526.91,81.549,-3.962,700.898,0
12.893,-3.348,-3.941,17.527,0
94.963,-30.366,-33.218,114.079,1
8.226,1.295,0.804,8.794,0
14.968,1.485,2.162,18.632,0
109.127,69.249,38.948,207.806,1
93.984,-30.521,-26.923,107.518,1
483.992,238.381,147.139,803.821,0
211.919,55.213,-9.267,702.286,0
33.91,0.6,-2.978,40.038,1
2.41,-0.954,-4.4,11.479,1
62.428,-29.406,-51.087,75.403,1
460.595,120.823,46.576,1166.164,1
3.843,-6.301,-6.462,14.52,1
11.374,2.664,0.472,23.931,1
507.191,412.502,150.12,2659.724,0
120.291,32.816,14.98,203.868,0
18.199,-4.869,-23.229,40.862,0
122.876,-10.817,-12.673,147.144,0
3.004,0.219,-0.003,6.028,1
25.922,-15.382,-15.441,27.236,1
962.0,377.0,-41.0,5023.0,0
230.463,118.67,102.858,238.062,0
195.818,-32.816,-59.209,203.008,0
5.024,-14.554,-14.588,11.142,1
199.082,74.1,62.86,271.604,0
409.472,-7.721,-10.19,450.107,0
305.175,145.055,62.551,1181.496,0
8498.0,1829.0,212.0,16973.0,0
2928.663,786.677,395.839,4839.587,0
271.531,72.939,-17.92,985.214,1
809.1,846.2,457.6,1773.4,0
35.002,8.857,3.684,52.514,0
52.394,15.481,6.292,86.81,0
31.523,12.474,4.688,197.689,0
102.509,240.977,17.932,1598.347,1
140.135,45.109,23.531,191.126,1
349.201,58.188,23.557,513.114,0
127.307,-9.728,-20.074,153.255,0
75.339,7.374,-4.422,114.318,0
13.547,-31.251,-32.2,17.691,1
5.939,-7.049,-7.086,7.873,0
127.847,49.711,26.339,145.14,0
442.413,59.689,11.974,760.837,0
30.976,-23.172,8.637,142.297,1
4737.0,769.0,-352.0,11170.0,1
413.485,33.176,-24.656,1010.031,1
57.058,29.285,16.836,497.577,0
4.691,-6.534,-5.23,20.92,1
1.148,-0.65,-0.823,1.194,0
51.839,6.936,3.834,116.398,0
26.197,16.036,-3.239,123.333,1
71.891,-5.442,-12.03,82.442,0
370.0,32.6,-87.1,602.9,1
438.3,306.127,20.854,1595.918,1
208.475,181.283,20.221,2006.089,1
46.536,5.144,2.971,54.473,1
5.896,10.085,3.965,44.211,1
10.299,-2.475,-4.023,16.588,0
841.06,829.119,349.176,6812.203,1
39.888,7.843,2.103,62.371,0
9.51,-6.809,-0.404,51.685,1
81.617,13.478,5.859,106.375,0
97.048,7.082,-4.409,138.123,0
0.273,-0.011,-0.114,0.707,1
793.505,263.779,41.22,2444.867,1
40.932,6.034,4.155,89.128,1
388.0,103.0,-24.0,967.0,0
9657.2,3507.7,1952.0,21478.7,0
431.045,350.101,202.972,623.859,1
2599.038,1081.896,597.358,13198.201,0
15207.0,2811.0,858.0,30573.0,1
6.271,-3.109,-3.422,7.824,0
78.997,58.083,40.532,89.146,0
55.353,-37.866,-104.373,87.947,1
2.907,-5.354,-7.548,7.203,1
44.056,7.163,1.162,70.247,0
3296.0,2210.0,1156.0,8183.0,0
5.96,-1.916,-5.6,8.744,1
35.61,-15.452,-27.088,41.575,0
834.408,151.744,-11.936,2752.103,0
23.612,21.107,7.602,118.343,0
1.857,22.206,17.635,49.271,0
0.979,-0.3,-0.25,1.079,0
2.319,-1.826,-13.094,4.559,0
245.487,167.954,34.449,1002.773,0
0.117,-0.604,-2.978,0.194,0
0.304,-0.442,-0.481,0.346,0
1.097,-2.834,-3.185,3.797,0
309.431,72.731,29.956,797.52,1
2.064,-4.186,-2.539,6.738,0
114.688,20.356,0.211,209.072,0
81.994,-19.027,-26.669,207.251,1
3.289,-3.626,-3.842,4.919,0
2.97,-0.86,-0.836,4.333,0
99.322,58.727,-42.552,1886.7,1
978.45,115.203,31.093,1565.694,0
6.608,-1.956,-1.61,6.659,1
1981.9,49.7,-139.4,2299.1,1
135.151,-6.351,-18.211,180.232,0
4558.0,3831.0,1725.0,25539.0,1
73.846,-6.784,-8.68,82.776,0
1058.63,459.764,119.929,2606.227,1
20.262,17.382,8.454,102.372,1
2.427,-1.287,-0.958,2.555,0
3825.962,1688.85,841.489,6498.94,0
149.914,12.702,-0.224,185.386,1
6.935,-8.621,-10.662,15.532,1
8.861,-8.045,-9.309,10.556,1
785.938,269.613,-180.272,6035.694,1
18.412,0.287,-0.192,18.54,0
1.822,-2.958,-4.187,2.546,1
3301.0,2901.1,1353.4,9138.0,0
76.502,49.851,26.198,159.029,1
857.0,273.0,-288.0,3250.0,1
47.025,4.477,0.031,57.486,1
55.028,24.185,16.423,118.726,0
55.317,8.783,4.899,79.828,1
299.242,258.415,-114.643,2888.507,1
3914.0,1760.0,1002.0,10207.0,0
112.18,-10.434,-9.263,241.555,0
51.332,-75.46,-151.892,251.128,1
374.523,123.305,52.268,973.665,0
4.918,-7.851,-4.35,6.724,1
0.356,-4.784,-20.439,5.846,0
8.958,0.691,-2.011,27.667,0
11.947,2.735,1.023,21.039,1
61.978,15.763,8.651,71.694,0
146.549,15.707,8.704,190.774,0
2.617,-4.19,-4.047,6.248,0
93.951,26.772,-104.813,330.083,1
13.902,-48.078,-49.377,15.405,0
166.741,170.357,62.375,1716.355,1
337.599,58.386,8.301,800.07,0
1.842,3.679,0.431,24.001,1
81.487,-32.419,-38.648,150.686,1
1456.0,1526.3,334.5,9145.4,1
10244.0,-149.0,-3140.0,21381.0,1
2.465,0.07,-1.038,10.316,0
6.086,0.485,0.558,6.28,0
90.44,-17.367,-16.768,143.467,1
18.063,0.607,0.163,43.026,0
439.5,18.316,-13.913,864.834,0
137.762,24.294,15.075,187.47,1
9.677,1.683,1.691,10.589,0
19.299,-5.027,-8.786,42.294,0
399.751,599.877,115.048,5756.339,0
59.979,5.426,2.759,74.363,0
733.3,556.9,38.1,5105.0,0
597.629,123.925,44.076,1174.475,0
5.106,-0.293,-2.659,13.006,0
150.033,18.415,15.438,171.536,0
721.607,286.474,186.737,3398.257,1
30.269,48.408,20.185,165.09,0
11.386,46.631,7.242,607.894,1
54.169,34.55,9.869,282.394,0
215.489,69.578,39.027,310.742,0
111.135,10.114,0.383,148.08,1
112.356,9.82,5.016,116.713,0
164.15,130.549,-26.563,2703.944,0
14.607,-0.934,-13.405,65.335,0
29.154,42.064,20.846,197.762,0
406.099,124.079,29.753,1059.176,0
9.979,-26.596,-40.955,132.566,1
116.022,16.159,25.32,180.947,1
31.744,14.116,2.073,72.161,0
3953.3,1025.4,591.0,5831.6,0
11259.0,2582.0,-519.0,30349.0,0
49.497,8.608,-17.963,216.943,1
68.25,8.417,4.601,99.487,1
4.978,-1.43,-1.567,5.264,0
563.037,152.103,68.597,947.772,0
315.634,300.01,5.221,776.246,0
62.428,-29.406,-51.087,75.403,1
23.49,-7.955,-9.048,26.358,0
886.653,575.533,18.346,6250.57,1
30.33,24.381,7.928,357.3,0
256.656,63.614,-300.176,446.403,1
89.911,22.174,11.172,204.553,0
14.493,-16.242,-16.7,22.504,1
22.384,26.114,-11.862,204.96,1
23.684,11.188,4.157,75.25,0
6.687,-0.319,0.774,6.78,0
60.379,10.157,12.623,98.815,0
305.473,65.247,17.149,536.543,0
159.228,-16.292,-113.231,226.506,1
7541.0,949.0,1106.0,8651.0,1
471.773,116.384,-26.375,1548.559,0
605.41,1119.314,292.435,10504.985,0
92.174,-49.5,-59.224,115.675,0
45.27,11.904,7.411,80.147,0
192.073,202.328,38.146,1242.995,1
1476.968,865.565,327.531,7050.884,1
248.96,31.599,6.119,494.735,0
258.893,-48.786,-53.901,285.224,1
18.48,4.563,0.285,33.821,1
16.726,-0.274,-5.707,21.575,1
793.505,263.779,41.22,2444.867,1
13070.0,3923.0,1500.0,17895.0,0
360.926,43.903,23.486,511.165,0
82.28,17.88,5.427,94.952,1
166.421,-38.52,-62.887,256.64,1
27.779,3.953,-7.918,44.565,1
432.568,1501.648,-828.65,23043.566,1
4.803,0.354,-1.34,5.622,0
415.586,93.835,26.521,606.389,1
353.527,-133.342,-206.955,650.278,0
2788.0,-118.4,-1180.4,11499.8,1
133.968,-19.582,-170.522,240.136,1
223.137,17.132,3.885,305.274,0
14.386,24.257,18.527,127.977,1
4.271,0.521,0.422,5.424,1
78.296,-208.704,-353.136,722.138,1
1.162,0.292,-0.339,2.981,1
45.948,24.673,9.215,217.838,0
175.073,45.011,8.251,289.322,1
184.722,4.524,-10.051,352.595,1
10.489,4.082,0.155,80.766,1
63.619,125.461,50.953,775.794,1
219.291,30.616,88.509,319.767,0
73.47,-34.775,-32.357,132.1,1
60.976,78.853,10.343,607.56,1
38.741,-5.969,-15.383,107.682,0
74.569,-0.302,-27.417,117.567,1
138.926,33.021,16.446,235.038,1
256.6,90.9,12.5,494.3,0
62.868,-7.305,3.85,102.203,0
33.509,0.318,4.747,47.492,1
14.153,-3.156,-3.785,15.178,1
47.425,17.481,7.673,141.526,0
53.1,17.912,8.766,82.681,0
369.674,-99.122,-97.705,412.536,0
4.512,-20.188,-22.054,30.849,0
7.221,-8.148,-8.569,8.388,1
119.18,7.614,-27.925,512.975,0
7191.0,510.0,-107.0,14190.0,0
27.17,6.351,2.199,44.138,0
90.525,104.621,-153.514,392.907,1
599.958,101.51,50.646,1130.25,1
17206.0,6262.0,3069.0,45925.0,0
26.495,71.779,72.006,555.468,0
2399.2,653.2,274.8,4180.4,0
1.646,4.674,1.797,34.824,1
61.525,42.561,-272.259,346.424,1
25.887,11.455,-11.163,89.495,1
6.79,4.614,-0.149,24.43,1
605.153,199.86,100.209,862.672,1
192.597,-143.775,-343.985,2342.107,1
122.008,1.673,3.242,124.489,0
6053.0,1014.0,676.0,13659.0,1
2056.7,858.9,406.0,4356.5,0
2.666,-3.769,-4.948,7.772,0
1375.837,809.577,95.551,5179.283,1
1670.0,751.0,431.0,6185.0,0
352.613,22.129,7.532,1401.846,1
1385.79,448.367,-205.517,4399.406,1
0.007,-0.075,-0.129,2.224,0
159.101,6.318,5.069,183.938,1
415.112,517.378,130.996,5706.971,0
76.174,-13.458,-30.027,89.269,1
21.31,-6.362,-8.901,48.768,0
793.0,1499.0,429.0,1667.0,1
10.92,-11.551,-11.678,13.294,1
335.027,367.453,-409.592,2226.434,1
12.457,29.149,-9.42,250.29,1
81.727,6.169,4.49,110.91,0
7884.0,-386.0,-2418.0,14298.0,1
13.152,26.277,2.235,192.126,1
56.235,-53.989,-54.217,59.079,0
8.109,-18.232,-33.693,121.006,1
3.296,0.434,0.319,3.477,0
32.36,2.963,4.519,66.596,0
318.502,70.959,47.89,555.338,0
295.884,26.264,-63.265,371.335,0
209.899,30.902,-40.671,276.442,0
2706.6,1014.0,544.9,4087.7,0
4616.5,1185.7,-107.2,18633.4,0
204.022,288.629,-22.407,2224.804,1
15.515,0.566,-0.279,17.82,1
0.273,-0.011,-0.114,0.707,1
8.174,0.677,0.664,16.19,0
59.392,0.164,-39.844,95.598,0
11438.0,1533.0,235.0,24808.0,1
1203.782,-2305.254,-2913.142,5106.738,1
55.866,14.72,5.871,102.122,0
0.65,-3.416,-5.493,6.494,0
30.441,6.539,-38.128,84.416,1
0.72,-0.636,-1.013,0.858,0
31.016,1.574,-2.011,48.385,1
98.284,25.141,12.576,228.572,0
31.072,6.199,1.487,50.195,1
0.813,-0.034,-2.494,1.861,0
394.9,106.6,68.3,1549.8,0
46.501,-45.093,-49.07,119.253,1
340.776,113.312,66.333,852.444,0
9.765,-1.337,-2.511,13.583,1
52.979,-28.813,13.594,90.38,1
39.178,-2.295,-12.321,60.02,0
932.5,1918.2,-2116.6,11084.3,1
1.857,0.074,-0.311,7.106,0
2.944,-0.002,-0.269,4.213,0
185.651,14.893,3.102,210.261,1
196.773,-61.484,-203.782,1383.675,1
349.917,204.297,105.933,808.878,1
2.176,-5.746,-12.582,15.038,1
15.335,0.225,0.121,20.861,1
31.624,-1.65,-2.728,36.309,1
18.192,-5.029,-5.511,35.993,0
313.989,202.118,-337.549,3290.102,1
0.03,-0.618,-0.617,0.031,0
32.725,14.298,2.723,116.743,0
54.929,-4.35,-45.612,89.459,0
95.193,-40.315,-42.483,112.142,0
155.48,-12.264,-31.712,286.094,0
213.0,232.1,89.5,2264.5,1
105.096,45.94,29.174,106.338,0
0.219,-4.681,-4.737,0.541,1
2.79,1.142,0.041,2.835,1
1330.0,3462.0,-643.0,23659.0,1
24.623,-3.126,-7.378,25.162,1
7549.0,2951.0,1400.0,34214.0,0
17.181,-8.846,-8.447,19.306,0
26.138,-29.559,-31.346,33.792,1
2507.7,1044.1,13.0,7483.0,1
10.372,2.072,0.405,24.999,1
1275.0,370.0,129.0,2636.0,0
1467.191,1371.343,46.859,16089.093,1
138.432,7.251,-13.157,212.683,1
0.184,-0.397,-0.862,1.648,0
18.732,4.123,-2.339,30.118,1
20.033,3.556,0.465,29.578,1
0.928,0.148,0.18,1.038,0
321.241,369.976,54.09,3302.899,1
1843.567,640.158,303.772,2922.156,0
151.516,89.985,41.601,478.228,0
2.73,-6.78,-6.337,7.064,1
167.571,36.635,-39.929,329.877,1
284.687,244.154,129.197,514.169,1
2480.493,1362.629,-677.39,16510.814,1
7.776,-0.342,-0.69,9.274,0
10.579,-11.769,-16.85,12.766,0
14.461,21.612,4.35,118.012,1
70.98,-10.163,-34.995,142.478,0
7.236,-56.322,-202.099,10.39,0
39.832,-3.99,-11.62,55.003,1
383.245,135.186,67.949,912.959,1
2.789,-8.948,-14.246,3.393,1
30.086,-3.027,-2.548,50.795,0
275.782,57.649,-352.955,877.511,1
750.448,268.124,39.116,2043.648,0
46.5,113.302,6.014,896.467,1
75.928,16.712,9.717,285.431,1
2009.695,617.401,262.612,4541.746,0
149.914,12.702,-0.224,185.386,1
17.348,-15.243,-16.472,20.106,0
13.191,-17.66,-31.34,28.358,1
11.753,-6.301,-14.582,38.016,1
8.844,-2.981,-2.464,25.733,1
43.748,-3.589,-6.294,88.464,0
22.534,1.645,1.097,24.305,1
13.547,-31.251,-32.2,17.691,1
931.668,165.997,61.436,1582.224,1
931.668,165.997,61.436,1582.224,1
2168.7,2433.8,940.2,30123.2,0
123.352,12.885,0.311,363.428,0
104.714,17.738,-5.918,289.364,1
0.213,-1.644,-1.958,1.208,1
37.269,1.9,1.536,38.148,1
189.981,-13.484,-47.096,799.459,1
0.205,-1.141,-1.306,0.235,1
334.128,37.338,13.175,460.72,0
123.312,39.964,24.462,148.271,1
3.056,-2.454,-2.646,4.957,1
178.146,-51.953,-71.69,403.267,0
107.576,10.769,6.374,130.449,0
3846.4,670.8,-1381.5,8288.4,1
3449.061,2470.664,584.371,13340.012,0
3.294,-5.304,-36.112,42.747,1
4.451,3.717,2.934,4.478,1
76.136,-14.875,-28.212,181.723,1
44.013,5.327,9.418,69.616,0
21.987,-14.134,-13.508,35.226,0
469.565,445.513,231.339,773.197,1
22.667,-88.988,-131.744,65.02,1
220.731,6.071,-22.293,363.207,0
7.12,-2.846,-4.255,9.53,0
32.635,12.38,7.103,46.878,0
187.494,253.364,-25.312,2219.666,0
10.576,-0.843,-3.77,21.64,0
11.304,-0.509,-4.473,17.638,1
96.265,35.667,10.945,246.036,1
3899.0,126.0,-79.0,16020.0,0
4745.29,1008.523,557.451,12291.706,1
1755.757,1105.597,566.202,3912.565,0
345.624,32.879,-27.888,858.152,1
304.045,105.194,120.802,546.336,0
312.081,124.79,5.591,1051.681,0
2614.5,1978.9,1390.3,11338.2,0
6.716,0.944,0.536,7.424,0
86.168,156.021,23.951,893.193,1
151.042,66.523,37.977,215.121,1
295.513,57.467,29.9,533.492,0
2.161,5.117,-0.332,65.635,0
35.179,-12.268,-17.046,78.427,1
3.881,-1.339,-1.429,3.935,0
619.194,456.292,167.084,2398.477,0
103.373,11.642,9.548,239.559,1
59.793,6.253,12.075,185.014,0
9.475,2.341,0.361,18.489,0
4071.553,2497.097,1310.284,7138.787,0
671.534,241.554,41.868,1749.069,0
417.643,149.465,78.288,842.313,0
133.402,39.5,-410.957,203.582,0
8.963,4.736,3.399,33.834,0
24.229,-28.591,-54.306,35.723,1
18.782,-0.277,-13.237,32.653,0
215.846,19.188,14.834,267.843,1
106.778,13.965,-179.693,346.302,1
748.908,168.726,26.893,2111.623,1
141.42,-32.302,-53.823,201.4,1
7.601,-7.507,-7.249,9.439,1
3.334,-0.96,-0.809,3.345,1
47.681,-25.821,-26.908,54.97,1
375.977,320.902,-0.144,3005.131,1
4683.0,2152.0,76.0,13362.0,1
192.409,42.17,1.084,336.098,1
492.125,2.647,-150.483,868.666,0
0.383,-0.517,-0.527,0.75,1
1.491,-1.003,-2.473,8.77,0
1.199,-1.7,-2.94,1.23,1
952.097,377.363,18.166,2764.25,0
138.618,-86.601,-98.014,338.515,0
18.601,-3.542,-5.924,33.548,1
2412.044,602.063,217.284,4253.867,0
6.957,0.71,-1.581,16.011,1
478.376,45.145,1.52,782.311,0
1976.0,548.0,107.0,4651.0,0
3.118,-4.158,-3.185,37.701,1
84.627,16.427,7.338,157.239,1
4.932,-3.387,-6.586,5.271,1
297.099,37.6,9.439,468.824,0
76.866,-26.821,-31.937,100.704,0
25.335,13.779,-56.685,94.53,1
8.82,0.188,0.111,18.485,0
8.292,-27.309,-32.724,11.632,1
6.35,-2.545,-3.28,24.225,1
51.533,2.532,-22.426,117.172,1
0.349,-0.98,0.868,2.654,1
696.453,225.165,41.6,1836.812,1
20.427,40.458,14.017,431.017,0
72.66,4.003,-15.01,74.737,1
3040.0,3944.0,578.0,52187.0,1
151.94,27.851,-12.838,208.167,1
25.087,-37.477,-46.316,31.106,1
2958.2,1786.8,774.0,11363.1,1
4.46,-5.679,-7.484,5.846,0
85.418,14.057,-1.258,125.127,1
1853.3,1066.4,444.3,5988.4,0
300.243,59.274,33.569,349.061,0
1323.599,582.039,188.794,3104.249,0
0.093,-0.062,-0.055,0.782,0
11.239,-5.128,-8.452,16.914,1
89.759,22.412,4.572,200.718,0
74.78,31.073,13.075,233.938,1
48.588,11.067,3.915,81.492,0
74.216,-4.127,-8.925,83.162,0
64.577,51.598,39.061,336.707,0
7.385,-3.779,-11.015,9.123,0
893.89,802.888,-4.115,8914.169,0
35.585,6.426,-56.026,158.282,0
52.13,2.264,1.353,57.21,0
97.766,-220.17,-167.384,650.176,1
4.261,-10.278,-11.551,7.157,0
78.083,176.159,70.046,1092.206,1
1550.299,444.122,301.176,1954.687,0
248.367,283.169,57.997,2104.16,1
227.041,36.523,17.014,290.676,0
0.193,-0.371,-0.387,0.193,0
785.9,389.6,124.3,2467.2,0
5228.0,1804.0,734.0,8574.0,0
6.094,-2.778,-16.37,22.695,0
3.225,-1.502,-4.285,3.715,0
26.51,8.249,3.406,30.759,0
92.957,35.099,11.515,213.294,1
227.406,-87.872,-136.943,354.383,1
133.058,39.422,3.617,360.792,1
1301.4,393.8,75.5,2457.6,0
228.268,215.853,99.329,702.311,1
54.736,1.254,-7.092,106.517,0
493.077,326.182,141.444,979.265,0
67.178,-22.692,-23.196,68.991,1
75.654,13.108,-6.179,114.835,0
1399.617,-12.063,-567.618,1771.787,0
549.923,392.438,105.519,5140.177,1
119.363,51.324,-198.339,480.278,0
83.527,135.131,-48.418,589.786,1
44.017,2.145,-12.869,72.143,0
195.921,36.135,5.853,271.313,0
391.968,120.735,-104.248,1028.954,0
11.584,1.224,-0.698,20.018,1
16.371,2.071,1.197,26.943,0
55.029,-47.367,-46.713,60.63,1
37.334,-60.605,-110.938,135.471,0
14.086,-17.23,-183.922,15.947,0
51.962,-18.155,-12.451,57.208,1
21.464,116.015,50.385,613.079,1
4.902,-0.123,-3.528,8.462,1
0.063,-0.392,0.243,0.114,0
138.503,49.918,23.943,207.981,1
97.289,12.933,6.289,141.318,1
11.415,3.837,3.744,12.831,0
54.877,9.287,-0.402,112.151,1
170.79,218.01,-191.29,1983.755,0
31.09,-0.909,-12.979,40.832,0
20.32,-11.706,-11.837,502.593,1
39.607,6.795,4.174,55.765,0
250.179,336.817,182.35,1012.757,1
734.914,698.894,158.857,4880.769,1
338.626,-523.659,-1222.662,5356.491,1
130.347,38.231,-0.684,384.943,0
0.456,-1.534,-5.64,1.109,0
65.681,-16.417,-54.292,111.801,1
2.931,2.33,-3.656,3.962,1
3.84,0.694,0.392,4.777,0
1736.8,1148.2,252.6,17019.8,0
522.349,159.041,59.726,1365.641,0
42.806,-1.983,-4.916,67.498,1
16.498,1.643,0.456,21.473,0
1.646,-0.934,-1.235,2.802,0
1.354,-6.593,-10.527,1.601,0
88.49,-57.12,-55.68,96.461,1
28.338,-3.884,-7.608,45.767,0
2339.4,1176.2,403.5,7507.1,0
213.846,174.347,75.007,639.623,1
314.396,68.632,36.509,700.603,0
289.371,151.588,78.165,784.569,1
4.717,-10.882,-9.232,5.449,1
1521.086,336.668,227.695,2840.355,0
6.935,-8.621,-10.662,15.532,1
232.016,157.131,-382.464,858.285,0
2803.0,1029.0,174.0,14213.0,1
1.21,-0.222,-7.247,2.773,1
123.143,44.107,23.638,127.104,1
86.768,82.572,-20.5,734.965,0
175.213,143.325,58.389,624.654,0
75.911,14.385,7.981,88.038,0
2.694,-4.839,-6.073,6.864,1
224.887,-30.476,-105.293,1414.245,1
104.085,40.0,9.852,339.64,0
112.531,7.819,4.618,163.24,0
793.0,1499.0,429.0,1667.0,1
5.938,-1.712,-2.571,18.058,0
197.818,-18.431,-50.41,312.302,0
81.792,40.246,0.134,213.026,0
91.82,13.818,4.225,133.254,1
248.367,283.169,57.997,2104.16,1
2.307,-0.99,-5.172,6.888,1
13.854,8.273,1.386,16.284,1
7.531,-0.004,-1.25,12.727,1
0.846,-1.767,0.346,3.892,1
5935.0,510.0,-2071.0,25175.0,1
35.836,5.878,-48.069,456.24,0
0.434,-1.407,-14.01,6.877,0
23.652,-25.633,-26.583,24.57,0
46.42,3.917,-0.773,91.974,1
13.467,-5.04,-6.861,111.964,1
25.466,114.931,49.823,651.689,1
181.257,-29.647,-75.433,474.366,1
580.4,552.5,323.6,2534.4,0
118.562,-3.434,-9.114,332.195,0
207.494,90.726,8.389,1230.422,1
2512.543,598.877,29.082,6362.585,0
691.581,238.709,105.901,1304.838,1
3.235,-3.256,-6.981,58.167,1
1058.63,459.764,119.929,2606.227,1
976.424,612.711,331.907,1951.211,0
315.003,69.128,39.717,404.84,0
205.009,-31.165,-32.641,307.046,0
157.269,34.197,17.794,194.3,0
8.299,-10.041,-10.924,9.791,1
127.843,24.462,-21.793,782.528,1
66.647,-4.121,-9.693,78.553,1
194.504,109.603,-2.381,1945.412,1
159.359,55.128,14.9,373.804,0
28.797,23.985,-13.292,56.547,0
34.292,-10.671,-15.713,43.573,0
3.165,-0.875,-1.247,8.614,0
516.371,222.983,112.014,2494.62,1
734.914,698.894,158.857,4880.769,1
241.226,-41.362,-68.256,307.332,0
30.013,10.217,8.661,34.13,0
1.331,-1.378,-2.36,7.29,1
13.245,4.337,1.683,24.844,0
55.891,102.064,-14.82,1867.257,1
567.093,125.424,77.102,1782.168,1
149.102,3.848,-46.948,519.023,1
23.412,5.035,0.741,38.744,1
4007.702,1467.771,648.105,21309.295,1
16202.0,8616.0,3527.0,93837.0,0
169.219,-81.09,-122.535,1199.837,1
3.727,-1.586,-1.958,6.482,1
1.597,-6.067,-7.276,1.726,0
480.215,77.367,33.331,682.409,0
55.891,102.064,-14.82,1867.257,1
414.991,75.217,31.048,594.667,0
166.729,33.903,21.413,202.677,1
16.946,4.917,-0.063,47.004,0
6.093,-4.059,-6.269,31.992,1
70.47,11.988,5.754,153.505,1
22.392,2.454,-2.972,75.304,0
19.403,-0.059,-38.966,49.942,1
11826.277,2449.845,1312.07,21269.03,0
57.149,-18.711,-38.649,161.953,0
11.551,3.028,1.96,17.202,0
0.033,-0.481,-0.589,0.541,0
28.536,-42.08,-45.783,78.277,1
474.3,272.7,-214.6,2811.3,0
3.683,-2.069,-3.035,7.453,0
29.56,-4.773,-45.178,153.84,0
69.488,13.045,9.523,209.637,0
1072.922,646.989,138.182,4604.099,0
2.882,0.411,0.407,3.703,0
253.223,31.251,27.553,317.77,0
12.046,-1.077,-1.066,15.679,0
13.762,8.742,7.082,269.526,0
370.407,53.747,-0.604,563.248,0
785.003,288.663,155.229,1998.485,0
0.816,0.995,0.124,9.671,1
90.838,14.568,-4.616,162.07,1
6.237,-1.109,-2.65,17.049,0
152.552,75.879,-246.926,315.419,1
219.019,43.877,5.56,550.72,1
2.229,-1.035,-0.818,2.841,1
63.099,14.522,4.644,95.057,0
199.305,-5.784,-4.569,227.027,1
0.66,-1.076,-1.498,31.663,0
195.029,37.697,-134.017,463.521,1
762.1,365.8,210.8,2148.2,0
100.607,12.529,7.035,120.79,0
2.577,0.321,-0.136,5.777,0
3.534,3.79,-3.372,34.897,1
114.413,33.399,15.247,221.971,1
1319.2,891.8,-73.8,2733.6,1
156.74,46.516,19.784,223.734,1
20.749,8.086,-2.697,67.453,0
45.56,17.652,15.725,84.888,0
3674.843,335.424,221.747,4879.98,0
488.326,117.798,-50.484,2514.192,0
468.0,214.266,-34.658,1412.592,0
53.417,5.826,1.457,145.046,1
1.487,-2.924,-2.828,2.814,0
127.045,4.186,-0.142,453.82,0
153.046,26.184,-21.976,300.171,1
52.478,-17.096,-18.273,54.032,1
76.195,3.852,-8.847,97.171,1
22.865,28.684,3.85,195.675,1
60.558,2.496,-36.027,64.557,0
63.685,-83.953,-85.883,78.541,0
1415.0,1012.0,479.0,8237.0,0
5.441,-4.227,-10.053,26.894,1
110.578,13.973,7.595,123.519,1
2569.0,270.0,-88.0,4057.0,1
8.299,-10.041,-10.924,9.791,1
4.056,-15.855,-17.732,12.982,1
0.363,-3.392,-3.847,0.603,0
0.696,-3.107,-8.111,0.839,0
9.915,1.436,1.381,106.098,0
167.545,205.348,60.625,1043.824,1
140.731,-26.039,-89.266,161.531,0
564.056,85.117,116.575,1095.257,0
4.201,-18.408,-69.42,14.497,1
70.092,-43.116,-56.309,83.615,0
748.908,168.726,26.893,2111.623,1
29.599,10.024,-0.018,118.204,1
40.137,121.739,-88.544,607.253,0
22.04,-2.447,-4.715,33.211,0
16.203,0.041,-4.29,50.146,0
18.122,18.729,2.853,104.829,0
9.054,-5.793,-5.432,298.204,1
637.8,267.7,109.7,1918.5,0
125.043,14.382,-12.041,186.575,1
7.8,-2.211,-5.116,30.182,1
75.937,71.255,38.087,354.23,0
32.805,15.795,-59.131,372.587,1
297.552,85.686,44.114,1386.662,1
70.234,-64.761,-78.477,279.407,1
660.69,160.352,60.457,1075.749,1
14.657,-3.198,5.051,15.503,1
285.694,76.126,40.669,395.936,0
8.098,-1.215,-16.596,41.134,0
377.714,244.128,-27.101,1584.909,1
4971.0,1159.0,-761.0,28773.0,1
279.6,95.4,-314.3,1123.0,1
121.926,0.841,4.41,161.037,0
9.849,-3.321,-6.146,11.944,1
191.796,44.505,42.196,234.031,0
5.648,3.437,2.871,115.672,0
0.648,-1.049,-1.819,1.779,0
1003.125,184.243,83.374,1772.708,0
7.319,-10.733,-13.463,9.085,1
1.271,-5.256,-5.398,1.732,0
0.164,-0.768,-3.854,0.284,1
7.008,-23.999,-24.226,9.428,1
1093.712,492.238,176.296,3039.009,0
622.605,179.969,20.09,1732.937,0
224.708,184.098,76.627,1155.979,1
1036.014,296.692,137.839,1396.689,0
606.197,167.263,95.456,798.771,0
110.377,-0.055,-0.957,117.423,0
13.128,-4.855,-3.818,13.216,1
296.361,98.707,44.846,974.291,0
58.003,79.273,-3.916,249.119,0
134.464,274.695,44.343,1745.972,1
105.389,23.295,17.233,255.229,0
0.183,-0.579,-0.71,0.73,0
54.542,8.262,5.57,103.074,1
124.985,-8.696,-19.301,141.497,0
21.531,9.873,-0.185,44.947,0
1976.0,844.0,572.0,3712.0,0
215.619,335.052,82.532,2204.028,1
160.685,41.67,-65.94,1150.108,1
2533.048,927.285,-89.682,10553.6,1
5366.883,1064.662,498.795,9891.499,0
0.002,-3.553,-6.005,0.004,0
8.419,-6.244,-6.223,8.618,1
17.147,27.99,2.709,248.726,1
127.839,42.009,13.526,249.102,0
453.712,180.172,50.042,1182.94,1
14.266,4.943,2.239,26.222,0
49.306,-0.65,0.193,57.641,1
16.278,-0.524,-7.363,65.918,0
91.451,5.07,-1.378,139.749,1
213.0,232.1,89.5,2264.5,1
27.361,29.111,-14.453,221.538,1
68.934,5.735,2.858,105.415,0
1532.225,766.447,-237.704,16147.468,1
102.379,13.279,0.766,193.956,1
133.405,157.259,56.49,737.47,1
54316.0,19412.0,9672.0,113644.0,0
3.05,-7.015,-9.727,7.158,1
0.46,-0.925,-0.798,0.46,0
273.731,15.599,-25.963,628.627,1
1618.839,2189.435,112.835,16635.484,1
829.451,322.483,141.352,2780.677,0
3.06,-1.192,-1.988,6.76,0
271.575,117.389,71.454,364.95,0
34.648,-19.6,-56.908,47.22,1
106.129,11.524,-286.324,414.772,1
2.646,2.598,-0.04,5.771,0
1483.002,425.764,192.903,2459.601,0
24.862,-0.156,0.478,56.514,0
38.599,-0.046,-11.527,81.102,0
2533.048,927.285,-89.682,10553.6,1
50.457,-15.902,-19.527,52.019,1
833.403,250.484,100.132,3245.033,0
2.573,-3.037,-7.104,3.882,1
2471.0,3495.0,1496.0,28199.0,0
12.35,-10.717,-11.572,14.147,1
1154.989,600.33,347.591,2309.62,0
1.578,-3.747,-19.024,13.519,1
613.96,76.657,-4.831,1376.008,0
18.558,-0.232,-0.562,20.385,0
6.909,-3.89,-5.116,9.424,0
2.804,0.179,-0.327,5.422,0
0.561,-1.332,-2.091,8.25,1
415.2,312.696,-8.341,1597.177,1
175.942,-52.01,-228.015,279.08,1
237.556,234.219,112.322,725.666,1
9.162,-15.779,-29.959,15.696,1
10.078,-4.963,-11.294,10.622,1
17.075,-13.111,-23.372,101.737,1
275.0,223.0,34.0,2544.0,0
69.369,37.131,5.401,533.533,1
309.038,374.815,-65.645,4665.978,0
58.22,87.136,38.58,324.672,0
121.113,32.091,17.048,166.477,1
289.889,124.557,41.121,1117.327,1
5247.0,2161.0,556.0,13574.0,0
311.391,-24.794,-35.193,430.801,0
0.566,-0.732,-1.652,2.082,0
615.278,80.587,-25.244,1228.064,0
227.406,-87.872,-136.943,354.383,1
20.937,-7.057,-10.246,27.732,1
24.525,-26.642,-27.96,26.535,1
228.229,135.256,136.238,1038.946,1
6.182,2.058,0.712,7.44,1
181.528,290.138,-111.874,1446.848,0
1.251,0.642,-13.739,22.26,1
66.221,22.306,10.367,86.784,0
20.262,17.382,8.454,102.372,1
133.706,32.62,4.307,222.953,0
21.009,11.257,-10.327,158.81,1
2142.0,9.0,-490.0,10319.0,1
7.125,0.369,-0.019,22.42,1
1666.6,575.7,298.5,2243.9,1
561.405,237.425,132.307,1124.067,0
4558.0,3831.0,1725.0,25539.0,1
8.29,-16.475,-15.989,8.436,0
1.846,-1.822,-9.863,8.369,1
70.402,50.376,10.954,175.912,1
12313.446,2884.78,807.492,20375.628,0
5.352,-0.529,-0.933,5.973,0
240.319,-1.128,-23.639,310.3,1
2150.479,532.236,121.485,5516.919,0
115.965,-160.596,-391.132,864.254,1
21.779,2.338,-0.928,43.441,0
68.534,2.154,-17.576,149.966,1
83.254,16.592,7.865,114.867,0
2112.0,1415.0,766.0,7870.0,0
103.891,-6.679,4.852,191.342,0
1033.806,826.476,224.336,9767.731,0
466.814,564.286,72.97,6515.444,0
171.349,161.851,-40.165,703.576,0
20.905,-19.83,-21.075,22.604,0
430.613,74.483,-21.889,1223.041,0
301.421,138.0,73.806,589.899,0
1638.0,1967.0,54.0,10327.0,0
403.709,485.679,161.901,1942.112,0
27.018,17.682,11.515,38.709,1
27.128,14.573,-2.317,116.401,1
2048.2,1031.1,534.6,3327.5,0
242.336,29.352,11.199,250.228,1
40.794,-26.282,-27.683,52.945,0
53.555,52.607,13.797,166.591,1
11.49,23.399,5.655,155.463,0
277.101,41.473,33.149,477.551,0
224.265,67.584,14.154,549.209,1
168.337,2.73,-80.894,246.491,1
0.033,-5.158,-2.302,0.337,0
32.006,-19.65,-37.783,32.258,1
861.917,147.138,10.797,1153.465,0
1280.0,2546.0,831.0,18248.0,0
128.047,29.826,-7.236,268.65,0
371.006,-4.994,-43.75,614.496,1
279.151,126.974,-2.094,984.861,1
90.312,136.201,46.868,1187.889,1
42.397,14.405,3.849,105.518,0
566.1,454.6,176.1,2335.7,0
3956.978,-169.223,-321.222,4947.424,0
1401.191,479.006,140.038,6445.708,0
208.896,73.934,5.752,353.002,0
5971.146,805.263,499.081,8200.13,0
33.436,6.07,1.871,55.623,0
308.467,66.762,20.233,531.951,0
204.069,261.501,-14.801,1349.845,0
120.411,17.988,7.895,154.018,0
92.274,-17.479,-16.069,109.558,1
13.191,-17.66,-31.34,28.358,1
73.581,-18.748,-36.441,128.96,1
17.931,1.841,-0.224,30.195,0
52.3,36.014,20.343,67.31,0
34.605,5.542,4.798,40.793,0
97.289,12.933,6.289,141.318,1
10.603,-10.86,-16.661,60.305,1
162.867,23.406,-14.395,1256.805,1
52.988,-19.595,-18.041,53.719,1
244.367,62.854,42.704,342.033,0
1.393,-6.83,-8.328,1.746,0
18.679,3.757,1.327,20.707,0
11267.0,1182.0,53.0,15103.0,0
92.957,35.099,11.515,213.294,1
696.453,225.165,41.6,1836.812,1
4287.959,3750.859,1934.632,10383.749,0
270.305,669.395,63.104,3950.228,0
480.633,139.513,53.859,749.516,0
1452.444,1582.378,555.536,14168.196,1
376.533,47.451,-147.332,942.056,1
207.703,40.572,22.619,385.606,0
43.761,41.178,8.34,246.183,0
87.891,2.055,-12.294,222.755,1
3.833,1.002,0.725,18.1,1
0.648,-1.049,-1.819,1.779,0
92.561,34.981,19.927,209.471,0
1735.0,790.0,136.0,5515.0,0
648.479,60.497,-22.261,1075.709,1
4.19,-3.513,-3.791,10.544,0
1113.566,650.69,-518.964,3460.204,1
1.5,-7.861,-7.805,1.728,0
1.356,-1.295,0.892,1.578,1
96.902,7.027,4.46,513.989,1
65.909,6.713,-0.614,125.407,0
35.947,2.963,-2.26,43.646,1
7.764,-6.279,-8.226,8.966,1
150.808,223.145,110.274,852.325,0
33.748,-2.454,-10.983,50.484,0
3.441,-0.497,0.525,6.168,0
7.955,7.686,-0.311,53.036,1
321.646,328.548,132.414,2623.864,0
9.137,-6.085,-7.489,12.984,1
19304.9,7853.6,7808.4,47195.7,0
517.181,291.763,-97.606,2557.885,1
138.642,15.487,0.574,236.789,0
78.323,-37.645,-54.218,89.311,0
836.927,168.771,-21.553,1634.209,1
9.952,2.469,0.133,18.855,1
14.303,1.306,-2.2,37.325,1
28.907,12.806,1.59,78.377,1
22.289,6.642,1.425,58.944,0
0.34,-3.539,-2.999,11.377,1
488.782,-51.921,-107.33,567.629,1
345.315,71.554,37.123,572.751,0
16.864,3.41,3.803,17.111,1
992.319,193.035,127.323,2054.195,0
29.506,1.056,2.61,32.149,0
290.774,38.247,6.347,553.224,0
168.761,32.204,11.111,266.582,0
70.863,22.642,8.483,116.459,0
744.6,689.1,231.4,6518.5,0
775.84,865.336,289.817,8594.704,0
5.847,-2.679,-2.431,7.078,1
208.983,176.369,84.993,643.379,1
66.98,23.978,8.454,179.844,0
52.828,-5.808,-5.26,53.296,1
87.891,2.055,-12.294,222.755,1
4937.0,-1256.0,-3511.0,30267.0,1
69.693,-9.787,-17.467,121.74,0
390.957,22.744,-13.971,970.432,1
28.579,-5.003,-11.23,38.5,1
4287.0,4651.0,2828.0,37218.0,0
833.414,375.03,153.54,3015.81,0
10.229,1.254,-0.433,12.105,1
134.774,30.795,12.485,189.052,0
213.873,99.096,29.06,512.572,0
17.167,-1.72,-2.667,28.582,1
6540.0,-456.0,-1762.0,32841.0,1
651.969,123.487,100.125,743.577,1
9.453,8.209,-16.79,186.554,0
63.562,-17.296,-17.418,67.738,1
1253.216,335.085,173.232,2391.731,0
6168.0,2786.0,1108.0,12567.0,0
147.829,30.221,56.531,750.287,1
2303.0,161.0,-666.0,3897.0,1
129.896,71.797,-8.321,483.613,1
513.645,124.302,16.686,2387.649,1
447.266,116.249,57.809,1176.413,1
21.891,26.721,5.503,152.517,1
8.946,9.331,6.891,91.593,1
317.538,92.279,10.773,745.473,0
3980.228,2552.566,879.874,18741.257,0
19.629,-12.671,-13.499,24.166,0
1.092,-2.619,-3.129,1.757,1
1.396,-0.445,-1.148,2.031,0
170.415,-15.148,-81.842,345.908,1
9563.625,3193.455,1780.656,12835.253,0
0.767,-2.415,-15.899,8.124,0
926.54,44.499,-23.107,1044.815,0
85.838,-5.173,-21.104,181.833,1
13.152,26.277,2.235,192.126,1
3567.0,166.0,-1216.0,23605.0,1
6.671,-11.433,-11.908,7.754,0
27.019,6.349,1.583,42.742,1
92.464,25.062,-31.751,405.062,1
148.803,-70.971,-79.842,160.052,0
276.153,22.248,-13.959,1005.312,1
21.266,14.359,7.937,32.303,0
369.137,231.607,109.499,1309.608,1
2651.1,1149.5,354.9,5267.8,0
1.677,-1.644,-3.613,30.881,1
3718.0,1046.5,241.5,7800.4,1
16.352,-3.83,-8.012,28.671,1
112.716,102.66,-0.033,1327.306,0
44.871,3.11,10.456,226.966,1
291.49,49.841,-6.86,803.691,1
84.106,-14.611,-27.445,120.275,0
340.468,110.391,45.309,1136.488,0
760.819,179.874,-205.921,3110.225,0
1.615,-3.093,-3.345,1.956,0
144.853,-15.523,-17.316,228.959,1
118.3,9.1,3.2,151.0,0
6.292,0.911,-0.444,12.388,0
12.457,29.149,-9.42,250.29,1
1.171,-26.691,-49.731,4.313,1
585.627,401.056,259.476,3293.357,1
0.43,-5.039,-5.453,0.666,0
8.173,1.45,0.557,11.993,0
55.359,-36.9,-36.805,59.209,1
29.206,43.404,27.159,52.378,1
6.349,-2.137,-3.216,15.056,1
6480.0,4965.0,858.0,49750.0,1
209.161,66.455,12.266,567.005,0
190.744,-21.214,-17.764,245.888,1
5.693,-4.063,-4.034,5.908,0
5.321,0.218,-1.9,83.364,1
13.93,0.695,0.278,14.255,0
23.983,0.753,0.204,25.848,1
116.637,83.875,38.606,331.051,0
401.303,59.56,36.013,487.966,1
30.318,-6.967,-7.753,62.125,1
70.364,-8.033,-5.976,70.436,1
263.6,107.1,-27.3,1015.9,0
533.727,-82.425,-129.253,655.462,1
7597.0,5284.0,2399.0,24636.0,0
102.615,27.062,12.942,151.631,1
25.364,-14.659,-13.582,27.324,1
0.155,-4.771,-7.61,1.501,1
43.846,6.569,2.633,52.205,1
120.733,159.372,69.297,488.734,0
162.621,21.378,7.81,225.854,1
99.298,-12.071,-44.453,167.237,1
25.776,-31.028,-30.455,30.483,1
190.401,368.839,479.378,2775.846,1
443.612,227.706,117.395,751.148,0
27.848,-5.013,9.249,28.31,1
87.104,40.424,18.157,656.375,1
62.26,-29.367,-49.601,138.843,0
0.048,-4.44,-4.236,0.13,1
276.796,109.799,27.811,1334.074,1
567.949,92.24,1.827,1262.294,0
7.794,-0.558,3.98,8.354,1
5.009,-2.584,-3.038,16.171,1
28.158,-7.622,-68.758,31.076,0
51.672,3.442,0.445,65.438,1
4.665,3.975,-0.965,33.977,1
3997.0,2997.0,1009.0,37244.0,0
160.225,27.005,-4.559,489.911,0
89.582,27.886,6.012,338.371,0
0.437,-12.548,-17.313,5.416,1
25.727,0.703,1.344,32.083,1
47.299,9.23,4.08,127.04,0
533.4,328.8,-41.8,2811.1,1
311.499,23.308,21.593,386.981,0
16.827,11.496,2.203,96.747,0
823.713,389.85,198.925,3028.87,0
40.762,-0.481,-3.642,42.16,0
60.227,24.944,-21.33,142.534,0
189.535,126.722,58.918,588.002,0
267.594,138.401,106.809,1653.272,1
125.658,38.089,15.398,188.476,0
132.543,60.267,-53.258,1148.138,1
3.007,-3.314,-6.62,5.174,1
43.653,-42.638,-51.422,113.312,1
1.281,-6.038,-5.415,5.089,1
3476.754,1075.756,282.022,27303.932,1
16.202,-0.418,5.576,17.792,0
766.4,366.4,108.9,2662.6,1
63.017,17.889,17.278,90.312,1
4.37,0.997,0.032,4.517,1
3311.8,3569.2,1253.9,17462.6,0
23.48,10.969,7.046,25.939,1
2.309,-17.005,-27.139,9.673,1
12.39,3.554,2.156,14.66,0
214.263,48.468,26.581,358.797,0
40.77,4.175,3.209,62.894,1
49.371,60.963,14.784,367.128,0
7586.0,405.0,-2737.0,20030.0,1
157.896,60.121,17.699,508.988,0
108.897,14.038,3.436,239.119,1
813.278,135.889,-104.667,3396.182,1
89.378,11.497,-14.327,146.174,1
113.564,21.476,9.325,142.119,1
65.132,16.178,-7.233,196.566,0
23.532,-13.722,-22.755,42.941,1
373.815,38.55,-348.664,487.896,1
51.533,-16.709,-21.7,160.49,1
5121.0,2464.0,1450.0,11973.0,0
5.16,-2.821,-3.511,10.078,0
56.015,32.689,4.387,507.254,0
14042.733,7378.431,3606.314,39713.924,0
99.957,14.227,6.376,126.329,0
2.249,-4.117,-6.805,3.736,0
4072.4,5343.2,2047.1,61683.1,0
0.879,-6.225,-5.984,6.33,0
7225.0,872.0,-375.0,14410.0,0
8.566,18.67,5.739,65.344,1
675.789,-75.439,-159.901,1479.394,0
25.617,11.808,23.446,51.128,1
333.538,-203.995,-192.173,677.658,1
416.757,893.129,345.719,4829.75,0
190.117,13.473,25.026,260.724,0
754.257,391.655,106.386,3222.11,0
3510.0,122.0,-798.0,13289.0,1
176.506,102.717,53.913,488.737,0
19.005,7.419,1.514,91.313,1
292.61,80.388,38.596,457.174,1
1518.4,1871.9,172.3,14392.1,1
15.956,8.85,0.038,73.323,0
256.375,40.089,9.715,417.492,1
11.889,-16.375,-24.378,18.741,1
31.599,1.059,4.665,50.932,1
5945.0,4283.0,1809.0,29650.0,0
599.466,189.216,-366.035,2149.256,0
12.666,-36.116,-41.665,45.126,1
0.761,-9.309,-12.472,7.519,1
12.064,-8.181,-9.486,13.548,1
57.583,44.642,6.112,238.304,1
5.788,-2.518,-1.593,7.399,1
2.333,-10.421,-11.631,3.224,1
4837.0,741.0,-118.0,11162.0,1
18.782,-0.277,-13.237,32.653,0
4.932,-3.387,-6.586,5.271,1
75.976,-6.102,-40.647,177.176,0
539.0,361.0,16.0,5752.0,0
9.938,0.072,-0.28,19.279,1
218.947,10.412,-2.17,308.596,1
22.279,-14.348,-16.598,23.409,1
9.977,-1.024,-1.698,16.1,1
96.8,-33.444,-49.469,103.139,1
17.041,-19.701,-28.281,20.285,1
599.272,71.062,117.336,1288.548,0
200.673,51.768,28.496,288.703,0
96.24,52.815,27.721,156.211,0
9147.0,679.0,-957.0,17068.0,1
4.229,1.817,-0.995,12.656,0
14.816,7.981,4.728,17.921,0
132.058,242.197,24.13,1648.442,1
146.605,5.003,9.06,169.092,0
1006.346,214.12,65.991,2867.027,0
0.015,-0.474,-0.509,0.015,0
292.642,43.731,19.984,573.323,1
9.66,3.729,-1.662,35.615,0
472.923,146.669,105.748,512.59,0
703.307,208.785,124.308,2335.273,1
11.736,-10.731,-9.899,11.979,1
175.938,-16.879,-73.339,434.198,0
421.445,465.237,26.869,2049.931,1
1.779,-1.017,-1.044,2.077,0
52.914,8.223,2.721,76.209,1
932.569,261.611,132.51,1462.862,0
184.412,292.603,70.832,3329.809,1
380.954,53.97,34.729,462.748,1
15.515,0.566,-0.279,17.82,1
774.923,23.217,-39.804,1169.861,1
10.652,-2.811,-3.517,11.47,1
1.126,0.38,0.544,1.522,0
58.916,26.409,16.949,137.055,1
100.746,24.288,0.692,273.577,1
491.5,212.492,101.017,763.653,0
0.255,-1.57,-5.756,0.554,0
150.93,-24.957,-87.351,1246.885,1
603.538,253.953,121.479,2052.396,0
243.373,67.156,31.836,358.742,1
44.927,6.131,1.476,57.479,1
402.718,93.502,-33.37,1673.797,1
89.525,-25.497,-25.283,89.597,1
24.242,-41.851,-51.848,169.278,0
17.817,-7.061,-8.562,34.326,1
87.253,17.06,10.073,102.715,0
398.378,175.457,82.798,783.244,1
75.695,18.672,12.371,114.507,0
96.196,23.634,3.028,200.9,1
89.472,161.711,-150.097,1684.01,1
140.888,38.754,23.309,160.799,0
42.803,38.14,9.858,85.119,0
194.006,136.162,50.954,669.312,1
32.687,19.775,11.539,94.292,1
298.767,43.173,16.94,384.363,0
0.99,-1.112,-1.666,1.036,0
3.498,-1.678,-2.487,5.872,1
0.334,-0.631,-2.455,1.096,0
22.478,-0.597,-3.079,28.281,1
15.542,17.919,-10.346,252.225,0
13.212,10.106,4.655,84.737,0
1.281,-3.046,-6.735,2.645,0
328.151,399.68,98.821,2212.469,1
357.19,44.097,22.961,420.941,0
44.018,12.263,49.815,295.981,1
238.3,146.5,5.6,788.7,0
1059.638,548.718,296.212,1450.298,0
31.717,12.637,2.09,95.906,0
0.009,-0.409,-0.42,0.035,0
2.405,-11.416,-38.786,5.081,1
490.618,38.205,-64.619,745.304,1
7960.0,3460.0,2870.0,19309.0,0
25.327,-6.233,-8.631,62.888,0
1830.857,428.815,226.126,3069.196,0
652.145,60.896,5.284,953.453,0
253.677,337.26,82.758,2773.078,1
27.558,-0.58,-1.846,32.761,0
1486.092,2100.488,132.893,18974.03,1
53.307,-7.949,-56.92,121.164,0
125.998,134.914,17.799,795.433,0
0.62,0.172,-4.551,0.649,1
5.059,-2.717,-6.736,24.154,1
9.27,-51.571,-63.198,68.401,1
192.314,31.633,5.611,286.923,0
302.565,235.165,130.136,740.865,1
90.029,12.357,4.599,261.474,0
6.355,-3.604,-13.651,8.957,1
461.069,151.476,35.227,883.405,0
281.453,9.881,-13.622,918.156,1
104.182,70.798,35.301,209.342,1
61.843,38.388,17.416,440.655,1
210.509,-17.905,-38.334,270.209,0
208.312,23.253,11.068,266.019,0
154.773,-12.597,-45.188,193.883,1
0.462,-0.371,-0.391,7.825,0
22.351,4.044,-7.66,29.443,0
121.365,65.364,-8.604,455.735,1
485.714,333.149,143.543,2316.202,0
73.102,30.556,10.71,275.705,1
87.283,136.749,-89.57,2249.333,1
696.453,225.165,41.6,1836.812,1
19.745,-10.79,-22.185,31.26,0
1147.191,-1694.479,-2343.309,2230.478,1
1.65,-3.983,-5.759,2.035,1
360.255,58.28,33.058,676.195,0
759.606,278.541,68.038,1013.541,1
90.079,-4.84,-7.681,168.481,0
127.054,90.545,25.698,228.799,1
639.465,32.973,-10.049,737.088,1
50.71,69.712,-48.443,555.555,1
2653.0,306.0,-126.0,5699.0,0
30.402,53.652,34.337,460.171,1
309.673,-44.614,-83.449,473.609,1
285.211,-116.029,-120.587,295.699,0
5781.0,2000.0,-1362.0,14921.0,1
625.1,212.7,47.8,1565.9,0
22.384,26.114,-11.862,204.96,1
454.722,88.928,-26.823,811.13,0
141.703,143.23,29.807,1577.225,1
95.906,50.225,14.236,283.144,0
48.558,-33.527,-131.357,74.859,1
12.001,0.141,-1.976,16.706,1
3.007,-3.314,-6.62,5.174,1
0.365,-3.565,-4.892,0.497,0
231.146,74.091,-26.351,753.025,0
334.203,72.212,29.026,849.113,1
61.965,8.324,3.807,74.194,0
18.48,4.563,0.285,33.821,1
55.882,14.03,9.546,74.175,0
311.477,116.076,62.447,528.358,0
306.678,51.009,27.501,425.504,0
11.266,3.687,1.244,15.795,1
1069.167,228.161,76.557,1642.271,0
96.137,-0.76,-1.711,125.142,0
10.172,0.545,-3.303,16.32,1
80.362,138.462,98.249,559.113,1
3.738,-0.746,-6.784,8.839,1
55.665,-15.244,-13.95,57.599,1
548.838,252.59,-44.006,2762.163,0
1.802,-5.19,-14.517,10.457,1
248.385,-61.624,-68.357,271.346,0
120.06,45.928,-67.04,953.588,1
5.948,2.579,0.703,12.603,1
12.579,-1.822,-8.001,22.549,0
34.01,21.593,8.404,310.891,0
341.216,57.564,14.517,592.705,0
69.483,8.969,0.687,104.697,0
117.161,-2.346,-8.333,276.867,1
22.899,9.309,-4.395,55.676,1
8.479,2.068,-7.66,12.22,0
32.426,50.519,-38.484,342.404,0
496.588,29.345,-523.833,2322.529,0
18.996,1.385,5.455,47.499,0
